0.422474,-0.119479,2.9511
0.797137,-0.109302,45.1172
-0.490989,0.105901,11.5095
0.762803,-0.0243069,47.7503
0.691254,-0.118594,30.7637
-0.345556,-0.0372567,27.3507
-0.343568,0.10657,1.12417
0.220633,-0.0512985,1.61708
0.80051,0.0813915,58.2922
-0.963029,-0.0163435,74.5238
-0.434345,0.178427,6.33869
-0.899435,0.0252034,63.2594
-0.784088,0.176369,37.9889
0.726795,-0.0223559,44.5372
-0.324944,0.00310927,18.3389
-0.49681,0.138369,6.57805
-0.387136,0.14424,4.65719
0.758026,-0.175151,34.037
-0.477324,0.122958,7.30871
0.715819,-0.109104,34.7577
-0.479235,0.0515217,19.8791
0.76752,-0.178718,35.1827
0.292986,-0.00759641,15.4734
-0.808567,-0.113392,60.6533
0.67297,-0.00445729,41.7984
0.622138,-0.0789692,28.1584
-0.796749,0.18299,39.5108
-0.541273,-0.113285,48.1962
0.403406,0.0565917,33.8076
-0.521011,0.015071,29.0399
0.943589,0.0950579,72.2041
0.908412,-0.0687077,63.258
-0.278009,-0.0962354,34.8297
0.532315,0.0322121,36.9417
0.554252,-0.134999,13.0273
-0.432367,0.0393918,18.5062
0.978942,-0.0517311,77.8956
-0.928489,0.080512,66.381
-0.341664,0.00669161,18.6576
0.433001,0.00238844,26.077
-0.219306,0.0310818,5.924
-0.905491,-0.0833233,67.2571
-0.844602,-0.028965,59.0581
0.833306,-0.128683,49.0082
0.337905,-0.0480129,10.1389
-0.348443,0.0457881,11.3173
-0.814276,0.024481,52.983
-0.48209,-0.0854996,42.0497
-0.967567,-0.167807,76.8521
0.35628,0.00295671,21.4411
-0.623526,0.15747,17.659
-0.335968,0.104536,1.31536
0.313144,-0.0254706,13.0659
0.943444,-0.113059,68.6506
-0.542535,-0.00558891,33.6798
-0.339423,0.118004,3.67349
0.690264,0.00859934,44.5265
-0.755294,0.0747601,42.6946
0.815604,0.127209,61.816
0.30915,0.10409,37.5281
0.446148,-0.108985,6.93066
-0.509391,-0.126589,48.6127
-0.813132,0.00184394,54.2736
-0.976079,0.123972,76.5765
-0.738289,-0.0730356,53.669
-0.632344,0.0513892,32.7538
0.707649,0.00606361,45.6236
0.481936,0.00394704,29.4577
0.437607,-0.0849809,10.5549
0.198664,-0.0865068,7.37188
0.884681,-0.115998,57.7533
0.354208,0.0658672,32.9813
-0.466556,0.025504,23.438
0.386591,-0.095446,4.43627
-0.668883,-0.0879777,51.1035
-0.335233,0.138995,8.01866
0.752632,-0.131948,37.221
0.724361,-0.111258,35.5757
-0.353177,0.0901061,2.85012
-0.79787,-0.0234025,54.4589
0.637683,-0.181035,16.3115
-0.44434,-0.0511109,34.9928
0.35013,0.095995,37.9248
0.517821,0.0945326,44.8585
-0.580279,0.0618573,26.6472
0.365676,0.116386,41.804
-0.648784,0.0179048,38.3228
-0.638513,-0.059641,46.5521
0.633767,0.0727169,47.7233
-0.30833,0.000411436,17.8735
-0.65165,0.058784,33.6097
0.420477,0.00704231,26.1241
0.313049,-0.105318,3.21732
-0.703719,0.158186,27.9214
0.872823,-0.110596,56.0624
-0.23564,0.0843698,4.45484
0.813773,-0.141526,45.2137
0.25826,-0.0164558,11.4865
0.624299,0.0563709,45.3807
-0.320881,0.172224,15.2765
0.557805,-0.125877,14.8106
0.740114,-0.160111,32.8065
-0.530039,-0.0772091,43.1093
0.500261,-0.145852,5.68042
-0.198463,0.039088,2.87473
-0.48571,0.0184984,25.9856
0.875928,-0.194674,52.8555
-0.51624,0.192661,0.138612
0.595593,-0.13611,17.374
-0.938083,-0.0608398,70.8265
-0.385079,-0.041003,30.1539
0.499536,-0.0996417,13.3576
-0.317448,-0.0617362,30.4427
0.934329,0.105762,71.137
0.886252,-0.170979,55.8292
-0.482597,0.00756701,27.5963
-0.780153,0.00271127,51.0619
-0.824319,0.0615073,51.8506
0.504698,0.107157,45.9668
0.434251,-0.0670456,13.5737
0.878999,0.0819613,64.5607
-0.356768,-0.00994667,22.8147
0.463128,-0.0191308,24.3013
0.823609,0.0298061,57.1328
0.521927,0.0321892,36.3285
-0.738874,0.166982,31.9544
0.445363,-0.036826,19.9154
0.342132,-0.102319,0.403179
0.755136,-0.148222,36.0751
0.52026,-0.0991681,15.3529
-0.391028,-0.0990907,40.1549
-0.561019,0.191291,5.24961
-0.581609,-0.0294948,39.5381
-0.460722,0.0162211,24.6396
0.541867,0.0787392,43.8725
0.81885,0.0915501,60.144
0.940257,-0.0744911,68.7099
-0.930693,0.0334336,67.8096
0.925366,0.106986,70.0649
-0.797855,-0.0961386,58.9944
-0.715489,-0.0828758,53.1313
-0.886026,0.109302,58.2382
0.685033,-0.15459,25.8296
-0.268956,-0.00295554,16.2171
0.653944,0.0655728,48.0563
-0.316999,-0.0783593,33.4265
-0.941946,0.0124594,70.1417
-0.6565,0.186006,18.1913
0.251645,-0.02716,8.79363
0.576954,-0.108688,19.3996
0.513847,-0.079576,18.0022
-0.289487,0.0545506,5.47282
0.790127,-0.0537226,48.3392
-0.620796,-0.0776358,47.5941
-0.859739,-0.130653,64.8258
-0.523377,0.137702,9.37341
-0.333366,0.124491,5.40408
-0.380249,0.131949,2.98368
-0.557038,0.0365554,28.4435
-0.895779,0.17471,57.5036
0.968304,-0.00866979,75.4356
-0.391844,-0.0727192,35.946
-0.331325,-0.0160994,22.515
0.944549,0.0796428,72.0993
0.980479,0.0719242,79.0239
0.601485,-0.154547,15.4166
-0.534322,-0.020961,35.4194
0.757787,0.0388335,52.3225
0.555049,-0.109091,17.127
-0.92767,-0.123582,70.6776
0.663216,-0.192029,18.3674
-0.341987,-0.0667375,32.5443
-0.285258,-0.0370876,24.0773
0.493705,-0.0114939,27.7034
0.979507,-0.0196531,78.2481
-0.214597,-0.117994,35.9057
0.808989,-0.0228805,52.5221
0.241874,0.120427,37.4792
0.23559,-0.10519,8.77931
0.849484,-0.0400408,56.1443
-0.898805,-0.0937214,66.8582
0.587182,0.0958588,48.0613
-0.251968,-0.0268776,20.203
0.325168,-0.126531,6.44186
0.651381,-0.116338,26.3687
-0.25459,0.175423,20.917
0.718061,0.0748126,52.597
0.213362,-0.00510798,11.2121
-0.322247,0.0307454,12.5822
-0.950787,0.0539677,71.1335
0.67982,-0.113173,30.0344
0.578346,-0.00110852,35.1734
-0.220565,0.0450449,2.96814
-0.261563,0.073106,0.320857
-0.559411,0.00292595,33.5859
0.708425,0.00777393,45.8504
0.955695,-0.104666,71.4698
-0.832009,-0.082594,60.6412
0.763372,-0.0711264,43.9303
0.463036,0.118838,45.8933
0.947699,-0.105296,69.6887
0.598385,-0.121351,19.8022
0.522586,0.0896881,44.428
-0.723231,0.0100056,45.3782
-0.411921,0.189301,10.3092
-0.408571,0.129289,0.057319
0.964288,-0.116622,73.3939
0.781331,-0.0274025,49.3475
0.762099,0.0365197,52.4714
-0.609866,0.199102,10.2427
0.521553,-0.114181,13.0163
-0.400353,-0.0742703,36.5998
0.427482,-0.0372671,18.543
-0.382403,0.127797,2.02847
-0.358244,-0.0773278,35.1564
-0.441737,0.0304074,20.8086
-0.875673,0.135343,55.4406
-0.760226,0.152559,36.4108
-0.655144,0.0247649,38.0313
-0.327015,-0.0674143,31.9428
-0.60903,0.0583932,29.7149
-0.432065,0.133169,1.33153
0.519248,-0.132855,9.73894
-0.77404,0.0604876,46.0119
-0.234345,0.176537,22.5602
0.796596,-0.141868,42.6129
-0.218203,0.0525509,1.18959
-0.718149,0.176074,28.0138
0.447934,-0.0424177,19.0997
0.224715,0.067062,26.8799
0.24813,-0.159982,18.5864
0.794835,0.0241495,54.2453
-0.506324,0.145963,6.279
-0.846035,-0.104123,62.7159
-0.978289,-0.0456365,78.292
0.44726,-0.14082,1.37613
0.779206,-0.107633,42.8573
-0.692776,-0.0980346,53.2358
-0.493866,0.0920833,14.129
-0.829482,0.166628,46.0586
-0.798884,-0.0324734,55.1328
0.462653,0.0391079,34.0355
0.760025,0.0714103,54.9217
-0.960108,0.0552759,73.0921
-0.348594,-0.0591106,31.5076
-0.619974,-0.00949973,39.4964
0.883742,-0.0969239,58.3587
-0.879554,0.0524683,59.5096
0.50777,-0.170043,2.51423
0.971001,0.158482,77.4131
0.702155,-0.124984,31.3816
-0.707826,0.160113,28.2715
0.63858,-0.199099,14.0756
-0.876702,-0.0372384,62.6742
-0.789827,0.115991,43.6199
0.818041,-0.00679095,54.465
-0.790149,0.180336,38.6417
0.427943,-0.184696,8.01157
-0.822839,0.0822991,50.3784
0.983322,0.102454,79.9629
0.519709,0.093841,44.8492
0.742296,0.084031,54.7671
0.354772,-0.139854,6.5875
-0.483671,0.0199812,25.5931
-0.902145,0.0232514,63.7015
-0.926831,0.147759,64.4794
-0.254284,-0.0301118,20.9939
-0.922715,0.0191147,66.8486
-0.869904,0.083385,56.8255
0.267715,-0.11506,8.50862
-0.30735,0.104996,3.58083
-0.673971,0.199596,18.9692
-0.23097,-0.115756,36.2153
0.560882,0.07204,43.9275
0.703705,0.087,52.8359
-0.829883,-0.0273744,57.5759
-0.650611,0.178841,18.304
0.515241,0.076352,42.2917
-0.583966,-0.119037,50.5393
0.372771,0.0947167,38.6876
0.30751,-0.0704769,3.42768
-0.396927,0.15953,6.54525
0.22364,0.00520991,14.0403
0.207671,0.0194057,16.1657
-0.508438,0.134332,8.40869
0.617445,-0.110863,23.3349
-0.801599,-0.085691,58.6227
-0.771778,0.116404,41.1555
-0.420775,-0.0271919,29.694
-0.454393,-0.0359488,33.0654
-0.48548,0.0453185,21.4301
-0.946282,0.0879687,69.6759
-0.341326,0.12811,5.46472
-0.597691,0.0170114,34.4137
0.822905,0.0469803,58.0287
0.475941,-0.0792727,14.7835
0.693961,-0.0510274,38.561
0.873936,0.0823443,64.1086
0.483257,-0.13812,5.28447
-0.699141,0.133981,30.0066
0.518888,-0.0585706,21.8878
-0.834831,-0.0394168,58.6699
0.473871,-0.148158,2.66101
0.254377,-0.159147,17.9815
-0.724783,0.159613,30.6804
-0.654389,0.0395379,36.2038
0.812675,0.12432,61.4909
-0.791203,0.143647,41.6798
0.223222,0.072109,27.7945
0.530111,-0.0389968,25.9407
-0.841652,0.0903116,52.4474
-0.590105,0.175016,11.1319
0.764626,-0.141481,38.0229
-0.461855,0.128196,4.95029
0.523379,-0.102719,15.0649
-0.334455,0.164838,12.8498
0.26407,-0.0614279,2.30893
0.245624,0.0695674,28.3974
0.645902,-0.0502952,34.1246
0.840144,-0.0422351,54.8917
0.402772,-0.164443,6.88586
0.980172,-0.065882,78.1865
-0.245982,-0.0421062,22.9871
-0.560533,0.175292,7.57842
0.384133,-0.0571083,11.6393
-0.369916,0.0732486,7.43545
0.643515,-0.100992,27.4599
-0.350685,-0.0818933,35.588
0.690608,-0.199412,21.4103
0.297705,-0.103097,3.91724
0.363273,-0.146736,7.1539
0.76645,0.0605202,54.5638
0.234839,-0.059173,0.843962
0.696895,0.125246,55.7534
0.335767,0.0479293,28.8192
-0.967339,0.142426,73.9302
0.706555,0.054863,50.14
-0.34709,-0.0801529,35.1267
0.453094,-0.179397,4.66274
0.646785,-0.0703033,31.7066
0.419756,-0.185768,8.97446
-0.90139,0.0707454,62.0767
-0.62917,0.180932,15.2139
0.265357,0.0969438,34.3953
-0.513533,-0.00387363,31.5004
-0.622165,0.0364033,33.8057
0.526915,-0.0293896,27.214
-0.395255,-0.0294955,28.659
0.71553,-0.0453683,41.2473
-0.606053,0.0546085,29.9673
-0.751904,0.0975725,40.2618
-0.924616,-0.152547,70.9393
0.928621,-0.102483,65.9017
-0.539247,0.0587722,23.5597
0.903002,0.0234763,65.2431
0.839601,0.0651708,60.3839
0.62053,0.0964411,49.6334
-0.978432,-0.0728343,78.4899
0.443098,0.0165371,29.1599
0.626203,-0.177481,15.2926
0.475808,-0.00285462,27.9305
-0.262492,-0.108847,36.3599
-0.682148,0.172982,23.2839
-0.85168,0.0594938,55.4379
-0.434849,0.187994,7.89334
0.48175,-0.119813,8.26622
0.604878,-0.0976097,23.861
-0.71919,0.00215666,45.7731
-0.739916,-0.0142616,48.941
0.755145,-0.0026971,48.8041
-0.950654,0.104683,70.3399
0.412001,-0.182475,9.14949
0.979981,0.0744166,78.9036
-0.257443,0.058901,2.39913
-0.237908,-0.0332496,20.7449
-0.679384,-0.0397835,46.9382
0.326733,0.0057017,20.2013
-0.826133,-0.0509762,58.5208
0.455397,0.0775972,39.6772
0.826207,-0.0938392,50.1119
-0.701239,-0.0969889,53.5719
-0.999506,-0.00937197,88.1937
-0.248574,-0.0616198,27.0016
-0.567773,0.143031,13.2613
0.302391,-0.0134376,14.8519
-0.612,0.0430537,32.0583
-0.807202,-0.0968716,59.6452
-0.757788,0.0997934,40.788
0.777983,0.0668166,55.8041
0.497168,-0.163699,2.42546
0.730469,-0.156367,31.8098
0.54982,-0.031642,28.6185
0.623788,-0.030657,34.6876
-0.665154,-0.05073,47.1633
0.450783,0.121864,45.8431
0.905147,-0.0188136,64.2607
-0.385104,-0.0218752,26.7046
-0.648359,0.00134566,40.251
-0.572431,-0.113945,49.5121
-0.931945,0.00438385,68.6278
-0.3301,0.190156,17.6581
0.711487,-0.0191584,43.4745
-0.964535,0.00252679,74.6475
0.831753,-0.0894567,51.1329
-0.87995,-0.0504614,63.5106
0.428919,-0.137382,0.293119
0.245867,-0.166668,19.9726
0.199239,0.0202042,15.8632
0.319756,-0.104008,2.45028
0.457309,-0.0982217,9.8353
0.289037,-0.0230308,12.0268
-0.836493,0.194267,45.5539
0.9011,0.12278,67.9166
-0.466997,0.142039,3.03822
-0.92966,0.136292,65.3273
-0.9904,-0.0247942,82.0998
0.281512,0.0842161,32.8386
-0.581094,0.196194,6.98331
-0.922213,0.155212,63.349
-0.283729,-0.0888786,33.7787
-0.707398,0.0108001,43.9482
0.238146,-0.148533,17.1581
-0.535496,0.193456,1.92567
0.912415,-0.0601104,64.1523
-0.851843,-0.0490494,60.6998
0.34091,-0.0554674,8.84758
-0.493907,-0.0261389,33.7596
0.791222,0.00342998,52.5222
0.308901,0.0883471,34.8177
0.34433,0.0291117,25.7523
0.219176,-0.0580175,0.0703783
0.693721,0.0975143,53.2372
-0.928412,-0.010857,68.4038
0.991833,0.107253,82.8852
0.514618,-0.0345922,25.449
0.345554,-0.0734926,5.56974
0.861873,-0.0494226,57.2589
-0.459842,-0.117818,45.6342
-0.504036,0.0678426,19.1131
-0.941782,0.129832,67.9915
-0.98066,0.0901841,78.2054
0.904409,0.0796179,67.0366
0.625031,-0.0538997,31.7656
0.914391,-0.0427016,64.9492
0.202505,-0.0969521,9.31464
0.745673,-0.060386,42.9074
0.815292,0.059008,58.0794
0.72573,0.0450199,50.532
0.410492,-0.153783,4.30296
0.742124,-0.0272695,45.514
0.313397,0.0818702,33.8825
-0.530329,0.0824731,18.9966
-0.33367,0.106898,1.95713
0.220839,0.0255593,18.2058
0.462571,-0.156668,0.105014
-0.571327,0.194285,6.05577
0.606853,-0.168293,14.1261
0.923014,-0.18427,62.7606
0.327138,0.0809766,34.3554
-0.879386,-0.0123311,62.022
-0.8956,0.147187,58.4705
0.640492,-0.00644836,39.0449
-0.656052,0.117586,26.7454
0.721081,0.00308929,46.4197
-0.673618,0.179596,21.3241
-0.999358,0.00405628,87.9388
0.691103,-0.00459624,43.2307
0.359068,-0.029666,15.2453
-0.820438,0.033348,53.1108
0.554771,-0.188865,4.86851
0.665272,0.0721588,49.358
-0.70704,0.113198,33.2637
0.913505,-0.0115248,65.6631
0.311968,-0.0614095,5.60275
-0.676214,0.00359458,42.1486
0.863109,0.0453696,61.6124
0.986984,0.0875811,81.0316
0.662661,-0.137068,25.0999
0.910305,-0.0234473,64.8669
0.226198,-0.0512466,1.98685
-0.380801,0.138385,4.12862
-0.561226,-0.0330132,38.7714
0.50586,-0.179646,0.771145
0.263368,-0.0282647,9.29785
0.541053,-0.0172997,30.1394
0.365931,-0.0897486,3.90501
0.351568,-0.090194,2.70943
-0.272432,0.0726171,0.528879
-0.925403,0.094285,65.4933
-0.778998,0.0742814,45.4897
0.228524,-0.0376451,5.07788
-0.428333,0.164267,4.49153
-0.525923,-0.0201145,34.7737
-0.911588,-0.0182599,66.204
0.68282,-0.0792644,34.2957
-0.273261,0.0346466,8.57903
0.526817,-0.0213856,28.4668
-0.985689,0.0650036,80.0212
0.703637,-0.113693,32.7996
0.939968,-0.186132,66.51
0.459885,0.0719201,39.0282
0.962456,-0.00538412,74.1699
0.270287,0.106317,36.2554
-0.800019,0.0810087,47.5431
0.373286,-0.14165,5.37059
0.295163,-0.103561,4.19802
-0.813988,0.18967,41.9125
0.494484,-0.104817,12.0162
0.662365,-0.19158,18.3045
0.634354,-0.0796123,29.283
-0.366042,-0.0319889,27.4894
-0.446797,0.119155,5.16725
0.717712,0.0773732,52.7934
-0.393996,-0.0959074,39.7825
0.417525,0.0924016,40.2445
0.745577,0.100809,56.2141
-0.958874,-0.0174827,73.6977
0.719,0.0558883,51.0276
0.272835,0.0828883,32.1963
0.781965,0.0104231,52.1775
0.478338,0.103211,44.3677
-0.494227,-0.0738699,40.9465
0.761131,0.133107,59.26
-0.956504,0.0780261,72.0076
0.669389,-0.00244884,41.7392
0.903151,-0.085341,61.8882
-0.377938,0.199528,15.138
-0.732417,-0.0382086,50.4159
-0.744143,0.0754897,41.3637
-0.958238,0.0358052,72.9219
-0.49817,-0.0520312,37.9524
-0.772665,-0.0621901,55.115
-0.372212,0.153638,7.65458
0.878653,0.0541668,63.5138
-0.383491,-0.0335284,28.7302
0.84417,-0.146834,49.6546
-0.7088,-0.1154,55.4835
0.390526,0.121083,43.4678
0.210856,-0.090524,7.41359
0.687252,-0.0166304,41.646
0.320146,0.064892,31.1527
-0.464467,0.0938757,11.2299
-0.881744,0.0966773,58.0546
0.533263,-0.0947119,17.2938
-0.297666,0.147268,12.5313
-0.779515,0.0644025,46.3243
0.781799,0.049913,54.9281
0.751773,-0.0312148,46.0994
0.971681,0.141012,77.4134
-0.75001,0.186348,31.7625
-0.224547,-0.0754924,28.5158
0.692233,0.026752,46.5036
0.508321,0.0823913,42.801
-0.871984,0.0250248,59.6325
0.375369,-0.0127668,19.6069
-0.64777,0.180744,17.6828
-0.420397,0.10445,5.53195
-0.734635,-0.0935358,55.0624
0.328161,0.117393,40.4823
-0.300899,-0.094095,35.4641
-0.390912,0.0619515,11.2069
0.714564,-0.0106752,44.57
0.57707,-0.175806,9.44979
0.369957,-0.177075,12.0191
0.684262,-0.196266,20.8485
-0.926765,0.0821296,66.0307
-0.960033,0.114353,72.366
-0.758854,0.0556857,44.7374
0.660803,-0.00305299,41.0053
0.319374,-0.086298,1.06679
0.747847,-0.0311751,45.7202
0.483301,-0.0803046,15.23
0.327173,-0.144517,9.7024
0.541928,-0.156342,8.37981
0.202519,0.06901,26.1625
-0.46577,0.152472,1.13288
0.25533,-0.173441,20.51
0.632397,-0.00337322,38.8054
-0.463243,0.0778558,13.9671
-0.73735,0.106791,37.6148
0.617202,-0.0652856,29.529
0.689872,-0.180121,23.525
0.228439,0.0942896,32.2523
0.693446,-0.134822,29.1911
0.23784,-0.0312961,7.0376
-0.744816,0.0450074,44.1988
0.416354,0.0744143,37.3698
0.341452,0.0256183,24.9279
-0.764266,0.178588,34.6877
-0.323803,0.010356,16.8139
0.347418,-0.0882727,2.77187
-0.451455,-0.118576,45.4194
-0.816662,0.0163811,53.7388
0.971818,0.0336724,76.6108
0.354778,0.0614434,32.2289
0.731582,0.087195,54.3939
-0.406657,0.0495884,14.7327
0.24967,-0.142762,15.2388
-0.90535,0.0313082,63.9129
0.972922,0.0965291,77.3406
-0.254272,-0.123383,38.4892
-0.457422,-0.0938255,42.1678
0.568697,0.116531,49.6587
0.981734,0.106987,79.542
-0.305267,-0.0522498,28.0606
0.965343,-0.0745322,74.0971
-0.976311,0.0727348,76.9959
-0.786808,0.159393,39.7811
-0.260594,0.0871602,3.32255
0.764652,0.109328,57.8592
0.232392,-0.0988331,7.69131
0.445086,0.0634747,37.0059
0.686484,-0.032118,39.9122
-0.80795,0.160147,43.0075
0.748612,-0.0390493,45.1084
0.617249,0.0050289,38.7435
0.901639,-0.169239,58.8363
-0.246754,0.155978,17.9432
-0.610758,0.0508667,30.8952
0.811914,0.0741811,58.6854
0.879212,-0.0240312,60.5922
-0.955472,0.162266,70.6253
0.760212,-0.115357,39.7224
-0.720425,-0.0867317,53.7293
-0.588735,-0.106302,49.3174
-0.497752,-0.112936,46.4445
0.366018,0.0630261,33.0587
0.577296,0.0593231,43.1533
-0.390816,0.0370743,15.9801
0.264541,-0.118031,9.33107
0.877552,-0.198358,53.0061
0.717786,0.053883,50.7737
0.830976,0.0415009,58.4332
0.968809,0.0313362,75.9077
-0.827019,-0.0875066,60.5178
-0.652793,-0.067405,48.1838
-0.655491,-0.0489784,46.3901
-0.562205,0.0871741,21.2009
0.415161,0.0463212,32.6732
0.607743,-0.148681,16.981
-0.985838,-0.184008,81.0185
-0.63358,0.0361368,34.8114
-0.82217,0.000132472,55.2787
-0.948754,0.126369,69.5791
0.954752,-0.0579411,71.897
-0.75554,-0.11693,57.8925
0.924074,0.1539,70.9116
-0.906794,0.129971,61.0991
0.385975,0.0356988,29.2561
-0.856097,0.0829912,54.8588
0.344743,0.0654223,32.4441
-0.651099,-0.0355224,44.6497
0.799747,0.080785,58.2031
0.546962,-0.144035,10.845
-0.699881,0.0349176,40.8303
-0.48579,0.0742733,16.483
0.953718,-0.0398955,71.9305
-0.927001,0.135763,64.803
0.99779,-0.157413,86.0879
0.873371,-0.0329664,59.4773
-0.212565,-0.0345781,19.6453
-0.492733,0.00687708,28.394
-0.522404,-0.0574106,40.0033
-0.401809,-0.0214226,27.5858
0.614384,0.0889735,48.5353
0.379013,0.122849,43.292
-0.888692,0.188638,55.5914
-0.425655,-0.0599795,35.4837
-0.611762,0.0583404,29.9696
0.236667,0.0616577,26.4124
-0.701385,0.177101,25.4964
0.529148,-0.0436746,25.1224
0.654341,-0.00649711,40.1084
0.548444,-0.0962384,18.4879
0.319307,-0.0771435,2.91394
0.803287,0.0957812,59.3256
0.216353,-0.0913138,7.21228
0.433923,-0.0411033,18.3067
0.891883,-0.0689466,60.6721
-0.794916,-0.0583557,56.4695
-0.852144,0.181288,49.1039
-0.649856,0.0771785,31.1489
0.554563,-0.127836,14.1692
-0.616178,-0.056198,44.9026
-0.933095,0.120628,66.3713
0.750468,-0.105861,39.3308
0.303754,0.0700386,31.3002
-0.313586,0.124863,7.01923
-0.3888,0.163398,7.95564
0.284553,-0.119047,8.07122
0.708621,-0.0961976,35.2694
0.343234,-0.00117754,19.8406
0.518793,-0.0989956,15.2443
0.675579,0.0551962,48.2526
0.742627,-0.172408,31.9769
0.20611,-0.0953529,8.7413
-0.443955,-0.111709,44.1748
0.235865,-0.176045,22.366
-0.821935,-0.0858563,60.0605
0.492828,-0.16743,1.36336
0.431213,0.0270439,30.2645
0.931361,0.0204465,69.0509
0.987984,-0.17161,80.5263
0.923325,0.0431267,68.3976
-0.95344,0.151083,70.2879
-0.969876,0.133561,74.7094
-0.289972,0.0404218,8.45644
-0.324507,0.120841,5.39265
0.662781,-0.0197486,39.2537
0.786847,0.0273187,53.7814
-0.318773,-0.0262144,23.7753
0.334191,-0.082063,3.01434
0.705119,-0.0187465,42.958
0.85526,0.032631,60.2783
-0.730668,0.0793029,39.4892
-0.858085,0.199564,49.2195
0.644394,0.119644,53.031
0.814137,0.121652,61.4375
-0.501972,-0.0595546,39.2578
-0.711869,-0.0718568,51.9782
0.932007,-0.0821509,66.992
-0.708081,0.189226,25.1267
-0.613614,-0.00258093,38.1731
0.861776,-0.0338661,57.9649
-0.481115,0.100753,11.4967
-0.97355,-0.151862,77.8744
-0.898841,-0.0981887,66.9934
0.609306,0.115143,51.1343
0.833815,0.104336,61.8453
0.268997,0.0611953,27.9392
0.690859,-0.00718755,42.9411
0.558042,0.117489,49.352
-0.499843,0.0812834,16.4904
0.400354,-0.154957,5.42517
-0.317125,-0.010931,20.6721
0.458721,-0.0925648,10.966
0.224844,-0.0698574,2.10201
-0.599698,0.0386757,31.6128
0.453295,-0.0241313,22.7418
-0.539443,0.0604571,23.3106
0.757736,-0.0331406,46.5243
-0.806472,0.0432697,50.9107
0.454404,0.0147181,29.5327
-0.747389,0.141943,35.5739
0.909231,0.0364188,66.396
0.281222,-0.181934,20.0915
0.302884,-0.132939,9.40323
0.707923,-0.104832,34.2675
0.19684,-0.0938352,9.03655
-0.753926,-0.0182471,50.4014
0.450511,0.061721,36.9979
0.613663,-0.0908581,25.6947
0.2936,0.0894314,34.3217
-0.974665,0.0823019,76.4609
0.570022,-0.178442,8.22379
-0.755432,0.041063,45.6234
-0.670288,0.100954,30.3974
0.579229,0.062892,43.7059
0.433045,-0.0458292,17.3775
-0.327903,0.107907,2.59985
-0.901845,0.0340141,63.3211
-0.495579,0.0817629,16.038
-0.874707,0.104076,56.644
-0.85067,-0.0975113,62.7734
-0.737141,0.0288153,44.9027
-0.772678,-0.112467,58.5088
-0.543777,-0.0618736,41.7272
0.914623,0.126858,69.3398
-0.900832,0.170883,58.6224
-0.509963,-0.0639347,40.2937
0.200023,-0.0320757,4.51049
-0.385789,0.0430433,14.4784
0.718765,0.0107354,46.9444
-0.453256,0.0122853,24.8175
-0.948374,0.115933,69.6629
-0.295731,-0.0436077,25.9102
0.542959,-0.0993522,17.4718
0.533716,-0.0767634,20.2184
0.910716,0.0852171,67.8804
0.440781,0.107401,43.4365
-0.458189,0.0130007,25.0256
-0.332233,-0.124884,41.8172
0.728159,-0.00437067,46.3218
0.542468,-0.112273,15.3768
0.594493,0.103225,49.2183
-0.616422,0.0540899,30.9643
-0.390721,-0.0830299,37.5858
-0.632728,0.0644856,31.0952
-0.414963,-0.0898883,39.746
0.614123,-0.0348028,33.3405
-0.806443,0.116912,45.8525
0.22597,-0.00258656,12.5031
-0.481529,-0.086535,42.1721
-0.339441,0.146871,9.15219
-0.425479,0.17836,7.1779
-0.968213,-0.0269973,75.7372
0.45743,0.0546157,36.2288
0.595947,-0.1863,10.2446
-0.547264,-0.10545,47.4869
0.421284,-0.13696,0.321495
0.919705,-0.0258579,66.2166
0.738462,-0.00932589,46.7684
-0.220355,0.11524,11.8719
-0.253154,-0.111031,36.3401
0.414427,-0.107509,4.45995
0.701189,-0.120107,31.7996
-0.820967,0.153783,45.5058
0.88281,-0.195786,54.1459
0.988889,-0.119107,81.0737
-0.486697,-0.0678547,39.7108
-0.897278,0.176648,57.7251
-0.920683,-0.0689026,68.6506
0.257713,-0.128152,11.8265
-0.734292,0.14574,33.4042
-0.880399,0.0166381,61.0321
0.753035,-0.0133566,47.7313
0.644513,-0.0149851,38.3299
0.384164,-0.121369,0.677608
0.501203,0.0597939,39.2535
0.885147,-0.104431,58.2864
0.279189,-0.0674751,2.0692
0.363581,-0.042464,13.0308
-0.945761,0.192026,67.7777
-0.396818,-0.0111674,25.4328
0.228887,0.102298,33.7359
0.630889,-0.0672223,30.5638
0.834166,0.0422751,58.7584
-0.662817,0.10765,28.7484
0.320251,-0.16493,14.0175
-0.221078,-0.0700672,27.2902
-0.284305,0.177187,19.0219
0.240046,0.0186323,17.825
0.670316,-0.103164,30.1353
-0.832614,-0.139244,63.4227
0.682213,-0.027504,40.0375
0.437634,0.0809619,39.3763
-0.81379,-0.120448,61.3529
-0.283607,0.188593,21.0661
-0.256585,0.156766,17.3804
-0.596793,0.193627,9.31926
0.252084,0.0601498,26.8906
0.465835,-0.0655019,16.3691
0.846529,0.125939,63.7139
0.651235,-0.197189,16.0589
-0.294037,0.0104174,14.956
-0.957938,-0.166281,75.2649
0.762364,0.0187119,51.1263
-0.692305,-0.0470327,48.4948
0.76304,0.0830656,55.9505
-0.895993,-0.149456,68.2262
-0.918045,0.0649667,64.9425
0.822843,-0.0324153,53.4371
0.310163,-0.180485,17.5935
-0.327527,0.0452238,9.98895
0.464043,0.0332646,33.1692
0.685328,0.111472,54.0623
-0.970284,0.00898181,75.8997
-0.943239,0.177478,67.438
0.722848,-0.067934,39.7495
0.963121,0.130447,75.721
-0.640926,0.15342,20.3409
0.898054,-0.0888633,60.9415
0.610864,-0.0325496,33.3702
-0.235425,-0.00450735,14.5764
-0.663083,-0.0783245,49.8562
0.688377,0.129196,55.7195
0.461031,0.105741,44.0152
0.745689,-0.0696176,42.073
0.246343,0.0592911,26.4335
-0.969079,-0.132861,76.835
-0.571499,-0.0835241,45.8769
-0.568594,0.0825799,22.5007
-0.277566,0.150861,14.7303
0.422971,-0.16489,5.10284
0.380525,0.0706214,35.0607
0.963403,0.168007,76.1419
-0.527267,0.0668218,21.2547
0.357973,-0.0476247,11.6179
-0.816197,0.189209,42.3234
-0.445551,0.0782136,12.4415
-0.405151,-0.0543121,33.5102
0.97409,-0.188243,75.4965
-0.988703,-0.0619705,81.5477
0.520945,0.0899636,44.3917
0.386586,-0.0147599,19.9532
-0.844573,0.00774413,57.2154
-0.590181,0.104891,21.3135
-0.530629,-0.0191028,34.9152
0.750529,0.082172,55.1186
0.44712,-0.190356,7.07343
0.44223,-0.0766786,12.4494
-0.671402,0.0133463,40.6887
0.966199,0.114449,76.1238
0.37173,0.0157148,24.7889
-0.868597,0.133543,54.3387
-0.47033,-0.0407428,34.7187
0.343213,-0.113216,2.44672
0.477919,0.0368397,34.5218
0.931559,-0.103103,66.4504
-0.721657,0.184038,27.6904
0.884721,-0.131522,57.1404
0.46894,-0.149155,2.00834
0.804191,-0.192578,40.0322
0.385319,-0.0369187,15.6261
0.352219,0.0573402,31.3713
-0.337258,0.0796178,3.73153
0.268337,-0.161488,17.39
-0.644172,0.0802669,30.1849
-0.243754,-0.100237,34.0258
0.685639,0.0589827,49.2328
0.248927,-0.0481525,4.12686
-0.344451,0.170819,13.0939
-0.620395,0.0241599,35.2504
0.613868,0.0374884,42.5379
0.935932,-0.021328,68.9422
0.799405,-0.156385,41.9483
0.717776,0.0120865,46.9924
-0.988778,0.15622,80.9129
-0.764317,0.0913423,42.3254
-0.861814,-0.101708,63.8266
0.56557,-0.134367,14.3341
0.518977,-0.0352065,25.6828
0.952072,0.0570341,72.9627
-0.617176,-0.0719416,46.7692
0.338749,-0.112646,2.68645
0.789648,-0.0439399,49.0014
0.396227,-0.00176631,23.0116
0.324326,0.111814,39.4324
-0.594877,0.0251303,33.0863
0.838165,-0.0700079,53.1114
0.538304,0.0463597,39.3017
-0.671037,-0.120259,54.2093
0.355618,-0.106833,0.228269
-0.49929,0.0105627,28.2402
0.344436,-0.146072,8.59567
0.651261,-0.132591,24.287
-0.794851,0.103888,45.2114
-0.394361,-0.0267053,28.1085
-0.242537,-0.0337351,21.0961
0.326618,-0.0776785,3.33822
-0.386403,0.0582356,11.5884
0.319345,-0.12951,7.47067
0.984654,-0.0317665,79.7964
0.469717,0.00960817,29.6191
0.911697,0.105209,68.5011
0.841944,0.0254759,58.6261
-0.388776,0.01322,20.3877
0.729037,0.0816648,53.8053
0.864383,0.10312,64.0895
0.564655,0.0263262,38.0618
-0.92486,-0.112999,70.1342
0.973277,0.115063,77.5535
-0.361515,-0.109844,40.6244
0.491685,-0.173501,0.253216
-0.307636,0.0821316,1.0539
0.903936,-0.0793531,62.207
0.672803,-0.176333,21.606
-0.763575,0.19393,33.2072
0.780281,-0.0648918,46.3742
0.495322,-0.10472,12.1098
0.362663,-0.183034,13.6864
0.910833,-0.0213715,65.0028
0.725175,-0.00542152,45.9715
0.576868,0.0970617,47.7442
0.239749,0.0091564,15.8137
0.358332,-0.0371026,13.727
0.516473,0.0641737,40.6544
-0.897561,0.0233188,63.0605
0.328169,0.100546,37.7409
0.412042,-0.059264,13.308
-0.906875,0.0165075,64.5736
-0.638404,-0.0795013,48.6926
0.896815,0.0791126,66.2169
-0.574842,-0.0872123,46.4808
-0.879739,0.0452974,59.8211
0.635612,-0.0807652,29.2585
0.366618,0.0261644,26.4442
0.666415,0.112082,53.2624
-0.761137,-0.112955,57.9143
0.668338,0.0380528,46.0387
0.975699,0.101318,78.0008
0.888433,-0.162718,56.5649
-0.241397,0.0515203,2.91428
0.81407,0.0788675,59.1079
0.390229,-0.0857996,6.57235
-0.870269,-0.00219809,60.5629
-0.647382,0.122466,25.1279
0.440675,-0.00629003,25.0363
0.966658,0.123089,76.2894
-0.24274,-0.0340179,21.1651
0.883027,0.100536,65.5784
-0.274174,-0.0467304,25.3912
-0.254541,0.06213,1.52012
0.888375,-0.0845636,59.5607
-0.939615,-0.13369,72.3014
0.944689,0.145611,73.1427
-0.574594,-0.0697945,44.3307
-0.916744,-0.112439,69.2178
-0.626195,-0.00393915,39.2492
-0.514484,-0.00126074,31.1548
0.713988,0.00990588,46.491
-0.938166,0.11965,67.425
0.354635,0.0834666,36.0336
-0.250363,-0.069691,28.6525
-0.253166,-0.0440975,23.7678
-0.258675,-0.105765,35.6598
-0.69829,0.176202,25.1588
0.441484,-0.111697,6.03171
0.755776,-0.0545778,44.5018
-0.869245,0.0224357,59.4005
0.702045,0.0770301,51.8661
0.518743,0.0831969,43.388
-0.277517,0.078201,0.280619
-0.207843,-0.0185855,16.0001
0.696507,0.0874647,52.4914
-0.638166,0.148393,20.6609
-0.554789,0.0588791,24.867
0.688364,0.0553987,49.053
-0.715039,0.0485122,40.8845
-0.294534,-0.0997211,36.1598
-0.452299,0.136757,2.55963
-0.695167,0.173752,24.9972
0.963492,-0.158015,72.7349
0.456822,-0.118283,6.22877
-0.81327,0.043134,51.6888
-0.739356,-0.106679,56.3164
0.66813,-0.127826,26.8977
0.432779,0.0330498,31.377
0.67402,-0.158226,23.9528
0.545465,-0.0168752,30.5261
-0.456031,0.0682753,15.0851
0.489556,-0.0720612,17.1801
-0.269281,-0.075037,30.5772
-0.707697,0.121323,32.4678
0.955176,-0.0213191,72.4767
0.865247,-0.0845907,56.0918
0.695273,0.00161967,44.2031
0.559974,-0.0715669,23.3808
0.625424,0.0912183,49.3025
-0.419461,-0.0620298,35.512
0.218691,-0.0969312,8.22809
0.810376,-0.0360244,51.8221
0.483093,-0.0229726,25.0482
-0.451393,0.0156924,24.0951
-0.237279,-0.00564265,14.9258
0.817519,0.0809168,59.4727
0.97126,-0.0501382,75.797
-0.550996,0.186441,4.78911
0.930924,-0.0468193,67.5605
-0.680563,-0.0647739,49.4932
-0.458303,-0.02546,31.5613
0.447691,-0.189313,6.84466
-0.636812,0.18728,15.3785
0.264498,-0.00585795,14.1064
-0.820399,-0.103015,60.8576
-0.829205,0.15007,47.0547
0.256312,0.0122988,17.4277
-0.21835,-0.103319,33.4507
-0.659771,0.0813457,31.6445
-0.442739,0.176861,5.25917
-0.369049,-0.121544,42.718
0.644627,0.119909,53.0662
0.380584,0.0685615,34.715
-0.292706,0.0971038,3.0746
-0.810342,0.143633,44.5463
0.239975,-0.0993499,7.27641
-0.700309,0.177286,25.3229
0.888081,-0.0828956,59.5779
0.701716,-0.153113,28.2132
0.393311,-0.110013,2.22058
-0.832609,0.190859,45.0731
0.824051,0.0396469,57.7214
-0.967042,0.179998,73.4757
0.360086,-0.0847044,4.44151
0.820326,-0.174013,44.0553
0.570508,0.0161689,37.0339
0.822245,0.0887653,60.2368
0.304255,-0.0214481,13.3218
-0.390506,-0.0785731,36.8491
0.518841,0.0228191,34.7451
0.920569,-0.179604,62.3622
0.299553,0.00512688,18.4722
-0.468052,0.192878,5.35801
0.349063,0.00372911,21.1536
0.749417,-0.0530096,43.964
0.804355,-0.184245,40.6748
-0.334953,0.137602,7.77842
0.853308,-0.0520994,56.0199
0.633412,-0.119565,23.9162
0.686359,-0.183821,22.6006
-0.58476,-0.0994622,48.3693
0.381787,0.0395335,29.7156
-0.361521,-0.0206714,25.1281
-0.820356,0.196849,42.5236
0.733954,-0.198018,28.1271
-0.951487,-0.159729,74.2549
-0.612758,0.00859448,36.6727
-0.656606,0.0756178,32.0235
0.239511,-0.134518,14.3696
-0.40275,0.103117,4.30072
-0.629358,0.0572334,31.7242
0.948146,-0.101362,69.8484
-0.579987,0.133263,16.0626
-0.73056,0.0416167,43.0842
0.315918,-0.0850964,1.05544
0.746778,0.00931583,49.0829
0.337273,-0.0318926,13.3447
-0.835631,0.105866,50.7078
0.787942,0.0932626,58.1877
0.521495,-0.0296696,26.761
-0.255765,0.184108,22.3591
-0.570887,0.146364,13.1042
-0.63118,-0.0424675,44.1861
0.441259,0.0810461,39.5537
-0.462054,0.0307611,22.2
-0.551384,0.0873411,20.1577
-0.987254,0.126308,80.3831
-0.361482,-0.0401733,28.7439
0.854634,0.112373,63.7109
0.414983,0.0219757,28.4475
-0.818914,0.191999,42.6007
-0.454657,0.0889064,11.2727
0.564117,0.0345917,39.1596
0.7539,-0.12709,37.8363
0.695133,0.017965,45.8386
-0.260794,-0.0594012,27.1821
0.305332,0.00525992,18.8414
-0.29136,-0.096321,35.4323
0.425024,-0.190376,9.24183
-0.802126,0.0269742,51.5283
-0.213718,0.0451401,2.51201
0.991953,-0.0384602,82.6272
0.30826,0.105038,37.6497
0.985237,0.135127,80.6571
0.217195,-0.0610961,0.722418
0.500237,-0.166922,2.22096
0.360014,-0.0938534,2.64382
0.226979,0.0487076,23.3258
0.517529,0.102,45.8214
0.656294,-0.183244,18.5099
-0.960216,0.0407114,73.2877
0.254009,-0.125098,11.4907
-0.956901,-0.121131,74.5796
-0.357575,0.129639,4.43863
0.36458,0.0598273,32.4279
-0.94804,0.190461,68.3607
-0.999551,0.0363585,88.2723
0.782661,-0.0415693,48.4228
-0.380284,0.0702369,8.80561
-0.982039,-0.0376457,79.2892
0.704332,0.0470497,49.2784
-0.300907,0.087552,0.537626
0.315647,-0.184597,17.8734
0.708749,0.0653027,51.2152
-0.617856,-0.0499761,44.2685
0.36173,-0.11673,1.64532
0.532615,-0.00596105,31.2688
-0.27976,-0.0234469,21.0477
0.638996,-0.0133032,38.097
-0.832032,-0.0570977,59.3421
-0.55857,0.109199,17.4622
-0.863901,-0.0485246,61.8229
-0.912228,0.0188235,65.2777
0.685465,0.0946768,52.5685
-0.904527,0.12191,60.9468
0.865161,-0.167321,52.1423
0.609015,-0.0107013,36.1161
-0.338697,0.105831,1.35865
-0.749847,0.11663,38.2631
-0.734621,0.0457016,43.1055
0.661011,-0.0463568,35.9857
-0.289959,0.0893502,1.69521
0.888524,0.0673714,64.9872
-0.8742,-0.027084,62.0111
0.682414,-0.0586194,36.597
0.80506,-0.0708688,48.8765
-0.433348,0.128102,2.35531
-0.331857,0.140412,8.55661
0.766285,0.00612883,50.4836
0.437926,-0.105486,6.84424
0.799693,-0.175013,40.5966
-0.617104,0.0164046,35.9934
-0.382091,0.134501,3.30107
0.246842,-0.0646106,0.478385
0.582734,0.0772517,45.6537
-0.228755,0.111435,10.5245
-0.654061,-0.0180495,42.8971
0.357545,-0.12938,4.39217
-0.720503,-0.0954254,54.4451
0.91874,-0.106291,63.9681
-0.730312,0.160279,31.3923
-0.823517,-0.0459667,58.0248
0.814556,-0.119858,46.8019
-0.803054,-0.00308217,53.6079
-0.378055,0.14441,5.47121
0.242316,0.045439,23.4671
0.387899,-0.140664,3.93768
-0.840369,-0.123378,63.1859
0.306577,-0.00645267,16.5397
-0.938572,0.114412,67.6116
-0.719182,0.155661,30.3123
-0.385905,0.135211,3.10676
0.63414,-0.0786886,29.3823
-0.41225,0.0312996,18.5696
-0.68693,0.0712149,35.6355
0.947413,-0.0504749,70.5159
-0.567233,0.18389,7.08709
-0.910301,-0.0387927,66.5953
-0.921584,0.0569821,65.7385
-0.77369,0.0773987,44.6123
0.269804,-0.0774544,0.662652
-0.521814,-0.00268612,31.8631
-0.45262,0.0562257,16.9759
0.888335,0.0957371,65.9051
-0.729801,0.0707683,40.221
0.462267,-0.181369,4.06893
0.367042,-0.175624,12.0192
0.484368,-0.0668009,17.6529
0.379026,-0.0159278,19.2375
0.917341,-0.188201,61.4402
0.437406,0.108452,43.4523
-0.834776,0.191291,45.4301
-0.559767,0.104213,18.35
0.703163,-0.0666171,37.8149
-0.807526,-0.0400191,56.3292
0.732725,0.122026,57.1277
0.490419,-0.195728,3.45359
0.290683,0.109817,37.7154
0.276685,-0.0965332,4.11586
0.973068,-0.0420586,76.3293
-0.934708,-0.0532422,70.196
-0.766532,-0.101434,57.4311
-0.482795,-0.0161362,31.4992
-0.775643,-0.014325,51.9102
-0.927407,0.0477286,66.9391
0.554598,0.0666048,42.9093
-0.558021,0.0803766,21.8526
-0.679407,-0.0300404,45.9439
0.621974,-0.189752,13.0948
0.737611,0.105693,56.1512
-0.808583,0.187088,41.177
-0.776438,-0.0532655,54.7614
0.711667,0.0982136,54.2108
0.302797,-0.0598876,5.27746
0.679221,0.113822,53.9927
-0.367844,0.146039,6.63975
-0.631522,0.00353841,38.7195
-0.648037,-0.124574,53.6498
-0.905301,0.0921051,62.0297
0.437924,-0.147687,0.701225
-0.529351,0.0417629,25.4423
-0.463124,0.0875787,12.2305
0.832956,-0.0756973,52.1039
0.374433,-0.18808,13.5227
-0.992532,0.140268,82.6975
-0.44996,-0.0362525,32.8689
0.695537,-0.114287,31.7625
0.6123,-0.0272609,34.1907
-0.447337,0.111882,6.51595
0.393309,0.0939836,39.451
-0.734283,-0.0507759,51.6035
0.745741,0.0753222,54.3076
-0.803071,0.0935645,47.0428
0.376577,-0.0174775,18.7801
-0.663879,-0.0669429,48.7545
0.650656,-0.132782,24.1908
0.777932,0.0154039,52.1855
-0.883516,-0.07318,64.6825
-0.731589,0.101718,37.4067
-0.299734,-0.0606961,29.3731
0.946707,-0.0840113,69.8293
-0.948829,0.126204,69.5984
0.293506,-0.0802617,0.42211
-0.821739,-0.0814626,59.8121
0.394572,-0.131652,1.70602
-0.216469,-0.0572542,24.5117
0.712419,-0.0785906,37.5432
0.305344,-0.0291696,11.8002
-0.79427,0.0670803,47.8438
0.933818,0.103334,71.0263
-0.992394,0.0318819,82.8479
-0.246157,-0.101562,34.3697
-0.846032,-0.117159,63.2952
0.627912,0.080858,48.3069
0.418981,0.0287099,29.856
0.8929,-0.159305,57.5262
-0.637485,0.120985,24.1886
0.684218,-0.0775419,34.6391
0.197805,-0.10004,10.2691
-0.387635,0.0286041,17.3825
-0.597779,0.121885,19.6599
-0.238266,-0.0610377,26.3706
0.356957,-0.0696801,7.1704
-0.894747,0.144923,58.3972
0.294991,0.0604487,29.091
0.261563,-0.108913,7.71382
0.648236,-0.0916645,29.1557
0.44402,-0.184725,6.44938
-0.977464,0.168356,76.7098
0.380791,0.0398995,29.7276
0.623137,-0.149483,18.6969
-0.968931,0.142437,74.3666
0.428996,-0.0815476,10.48
-0.445392,-0.066577,37.5086
0.934768,-0.0826457,67.5
0.700231,-0.0218269,42.2176
-0.334038,0.127758,5.97846
-0.993603,-0.14623,83.7429
-0.55982,0.0707437,23.4927
0.317538,-0.0206822,14.3265
0.301742,-0.135024,9.89152
-0.329632,-0.125107,41.7517
-0.238739,-0.0195581,17.9453
0.391193,0.0917533,39.0071
0.704393,0.107259,54.6015
0.347475,-0.178062,14.1181
-0.962295,0.0745032,73.37
0.640492,-0.00644836,39.0449
-0.28903,-0.0685506,30.3156
0.949928,-0.146669,69.5237
-0.327459,0.141667,9.14436
0.479951,-0.113053,9.26313
-0.218481,0.0787736,4.42342
-0.624572,0.0616706,30.6989
0.675869,0.0224311,44.9063
-0.821222,0.121857,47.6349
-0.636734,-0.0194202,41.8573
-0.35091,0.00220209,20.1114
-0.871069,-0.102913,64.6299
0.352749,-0.0455903,11.6565
0.942666,-0.0595041,69.4456
-0.790604,-0.0671083,56.7116
-0.50242,0.100234,13.5221
-0.494708,-0.113107,46.3479
0.574996,-0.125452,16.6881
0.91004,-0.0156964,65.0482
-0.324135,0.102434,1.80588
0.944397,-0.00670625,70.6703
-0.681413,-0.0118145,44.1927
0.685575,-0.0751149,35.056
-0.339804,0.0937487,1.10828
-0.554458,-0.0137663,35.6533
-0.573143,-0.0011782,35.1278
-0.344924,0.145407,8.43215
0.798143,-0.0677081,48.2602
0.979597,-0.18676,77.3043
-0.759186,-0.0853617,55.8771
0.370362,0.0357097,28.4077
-0.505438,-0.0868136,43.2774
0.305164,-0.0623883,4.92594
-0.446856,-0.0265995,31.0878
0.835864,-0.119946,49.9145
0.881593,-0.137085,56.3763
0.919682,0.138582,70.1295
-0.341895,0.185879,15.9448
-0.775646,0.0889223,43.9158
-0.924002,-0.112908,70.0338
0.944192,-0.0546352,69.8227
-0.733138,-0.112772,56.4554
-0.594928,0.0794838,25.4501
-0.417257,-0.0856825,39.1929
-0.908069,0.0161435,64.7538
-0.592512,-0.0197869,38.9538
0.537947,0.0942393,45.6944
0.559776,-0.00743724,32.9576
-0.93874,0.0849152,68.2179
0.934622,-0.185104,65.3032
0.649029,0.012746,41.9378
0.195119,-0.174464,24.8647
0.758512,0.0794394,55.4089
0.796684,-0.0435099,49.8041
0.369541,-0.0402111,13.8883
0.382873,0.114851,42.2439
-0.747475,0.0621505,42.9431
-0.986032,0.0949341,80.0298
0.909677,-0.018409,64.919
-0.985643,-0.132633,80.7691
-0.671233,0.114467,28.8813
-0.752465,0.091185,40.9053
0.468679,0.0421312,34.8487
-0.934313,-0.0315252,69.7176
-0.487739,-0.0412552,35.7566
0.523794,-0.0187634,28.6585
0.369154,-0.126554,2.90271
-0.798222,0.0959051,46.242
-0.56734,-0.00409644,35.1378
0.714526,-0.0421085,41.4755
-0.456799,0.03768,20.5992
0.885752,0.046501,63.9822
0.735165,-0.176038,30.5126
-0.697615,0.0180606,42.3786
0.280218,0.0602993,28.3271
-0.407957,0.0702193,10.9275
0.808975,-0.198871,40.394
-0.776446,0.11249,42.0992
-0.624274,-0.0112319,40.0115
-0.429772,0.139488,0.00480162
0.30198,-0.0962273,2.21854
0.483872,-0.0773011,15.7982
0.211514,-0.16606,22.258
0.91906,0.10617,69.325
-0.268903,0.025497,10.2345
0.37476,-0.070058,8.42387
-0.427803,0.126986,2.0593
-0.663962,0.167852,21.4547
0.212773,-0.17161,23.1732
0.875907,-0.0936653,57.2762
0.666386,-0.0154259,40.0448
0.988075,-0.0735395,80.8865
0.851671,-0.164427,49.9345
-0.205165,0.140724,17.9431
-0.456843,0.0784964,13.3212
0.761201,-0.187676,33.3918
-0.508884,0.0029679,30.1139
0.911002,0.0981082,68.2456
-0.300742,0.0362348,10.038
-0.990151,0.0602677,81.775
0.257297,-0.0508421,4.10179
-0.644093,0.13347,23.3233
-0.532069,0.0551567,23.5316
-0.60055,0.107808,21.9685
0.908206,0.11205,68.3161
0.521093,-0.0620574,21.5034
-0.371385,0.0343963,15.1526
-0.414019,0.024472,19.9615
-0.249472,0.0304139,7.96034
-0.727992,0.0611276,40.9607
-0.505441,0.0662681,19.4947
0.713386,-0.12785,32.4823
-0.850819,0.0838581,54.0733
-0.483048,0.155215,2.38368
-0.977836,-0.102178,78.5146
-0.684544,-0.112966,54.1578
-0.827488,-0.0601878,59.1268
-0.481229,-0.0769802,40.7841
-0.245019,0.149091,16.7754
-0.554462,-0.00768772,34.7809
-0.426019,-0.0666627,36.5842
-0.335105,0.182227,15.8772
0.693162,-0.0380062,39.8847
-0.505858,-0.0630597,39.9622
0.684168,0.0379867,47.0724
0.340579,-0.0290836,14.1284
0.664776,-0.152385,23.4705
0.567661,0.0086584,35.8012
-0.770623,0.029263,48.1252
-0.361073,0.155116,8.87207
0.274907,-0.167094,17.9236
-0.38651,-0.00742567,24.1213
0.582994,0.0946577,47.7347
0.782242,0.0152969,52.5496
-0.615573,-0.125757,52.4812
-0.979361,-0.0264607,78.4692
0.430823,-0.00516977,24.5951
-0.493861,-0.0448592,36.6436
-0.452676,-0.0641489,37.4847
-0.58249,-0.116316,50.1802
0.326762,-0.170821,14.5506
-0.956602,0.0747828,72.0719
0.81986,-0.100193,48.8427
-0.559823,0.0668761,24.0831
0.583533,-0.144407,14.811
0.509422,0.0410642,36.9307
0.718881,0.0972062,54.504
-0.907357,0.156182,60.376
0.94413,0.104472,72.4305
0.992915,-0.0417249,83.081
-0.59392,0.124119,18.9195
0.492208,-0.0200352,26.1885
-0.630867,0.0943894,26.9826
0.934105,-0.0514238,68.0209
-0.409374,-0.00473674,25.0246
0.764737,-0.0247787,47.9004
0.659821,-0.07906,31.929
0.588993,-0.115669,19.6193
0.480536,-0.155427,2.09585
0.649802,0.113093,52.6292
-0.235962,0.0643607,0.192038
0.679941,-0.00385636,42.4152
-0.774646,0.134559,40.0274
-0.289357,0.141817,12.1335
0.68854,-0.0559845,37.4917
0.73719,0.0529125,51.9768
-0.487179,0.003613,28.5572
0.968844,-0.161246,74.1672
0.889977,0.121961,66.8912
-0.219309,0.150038,18.7564
0.347332,0.0519874,30.1587
-0.430071,0.0162806,22.5492
0.808351,-0.0582042,50.1308
0.271088,0.128684,40.0378
-0.518956,-0.0254446,35.1472
0.567247,0.108394,48.6617
0.971571,0.132536,77.3263
-0.878684,-0.0517718,63.4284
-0.544534,-0.0384284,38.5415
0.762821,-0.0328753,47.0535
-0.934778,0.154493,65.995
-0.863695,0.0510511,57.4229
0.249271,-0.0600864,1.60266
-0.448302,-0.038271,33.1096
0.816768,-0.0133477,53.9358
0.282995,-0.158268,15.7005
0.631369,0.0931393,49.7873
0.627698,0.122791,52.6602
-0.684131,0.123479,29.343
-0.500927,0.0209157,26.6655
-0.492925,-0.0907578,43.2671
0.323457,-0.195439,19.1001
0.603051,-0.16437,14.2146
-0.287477,0.0738112,1.32733
-0.619004,-0.00313505,38.6306
0.344373,0.0644165,32.2473
-0.226132,-0.132293,38.8297
0.762977,0.0673827,54.8235
0.269976,0.0042614,16.5489
-0.763359,0.160666,36.1449
0.964395,-0.0621468,73.9981
0.815538,0.054906,57.8649
0.651679,-0.0487822,34.8391
0.810954,-0.130007,45.586
-0.298099,-0.0282567,23.0296
-0.739964,-0.00853476,48.4538
-0.583063,-0.0668224,44.395
-0.736825,0.00579286,46.9379
0.750529,-0.105258,39.3935
-0.409701,-0.1175,43.6762
0.825255,0.104577,61.2661
0.987592,0.1332,81.3854
0.53171,-0.000967148,31.9681
-0.697713,-0.0979271,53.4743
-0.983662,0.13897,78.9782
0.755489,-0.198038,31.5327
0.348399,-0.0371239,13.0451
-0.451259,0.0311807,21.3497
0.469258,-0.0121513,25.9218
-0.991495,-0.177337,82.8987
-0.575214,0.190728,7.04813
-0.497986,0.197738,2.95023
-0.567829,-0.112622,49.1758
0.50073,0.0824961,42.4686
0.642977,-0.00785026,39.0675
0.805241,-0.0568629,49.8549
-0.997253,0.132031,85.6452
0.826424,-0.0364726,53.6024
0.221885,0.0506886,23.4627
0.385333,0.114066,42.222
-0.537415,0.166773,6.25693
0.23925,-0.0794077,3.16597
0.273808,0.0278306,21.6035
0.226731,0.0951091,32.3256
0.717696,0.0529577,50.6866
-0.845805,-0.030541,59.252
0.641759,0.0377491,44.3033
0.308486,0.0493069,27.6678
0.661637,0.00861933,42.3832
-0.952787,-0.0662632,73.2088
0.625359,-0.0610528,30.8537
-0.69515,-0.0127981,45.3231
-0.744501,-0.112008,56.9753
0.699358,-0.168301,26.196
-0.573852,-0.0432109,40.8822
0.209888,0.0872563,30.0726
-0.712135,0.0338672,42.0724
0.410807,0.00418508,25.0131
0.927911,-0.117658,65.4123
-0.318321,0.0151709,15.4966
0.916646,-0.0336562,65.5424
0.997736,0.173328,86.2333
-0.956308,0.0934721,71.7596
-0.500558,-0.118645,47.2882
0.444368,0.0197088,29.7771
0.99342,-0.0377022,83.3421
-0.709278,0.0599955,39.1369
0.294689,-0.0352978,9.83528
0.951917,-0.0189126,71.869
-0.713106,0.00466973,45.0272
-0.294235,0.188848,20.2947
0.68528,0.0738652,50.6327
0.526341,0.0858317,44.0864
-0.373721,0.0451355,13.218
0.366087,-0.145879,6.75902
0.948013,-0.117012,69.5662
-0.821617,-0.127914,62.212
-0.845257,0.0359468,55.8411
-0.277086,0.0314769,9.49384
0.223906,-0.104764,9.4937
-0.813945,0.194526,41.5651
-0.210945,0.0120436,9.56022
0.45859,-0.0134827,24.9691
0.535966,0.0615568,41.2818
0.949688,-0.0790018,70.5273
0.56068,-0.173586,7.85157
0.295834,-0.0406454,8.79753
0.859564,0.120012,64.3894
-0.589147,-0.0584327,43.6799
0.75642,-0.0793984,42.4178
-0.566684,-0.0656822,43.4071
0.756851,-0.158369,35.3941
0.518317,-0.0258307,27.1369
-0.44867,0.153314,0.665282
-0.939151,0.121487,67.5933
0.718516,0.0471471,50.2285
-0.889177,0.0938094,59.3395
0.686008,0.0124319,44.5995
0.858929,0.0949269,63.3171
0.525412,0.0844766,43.8643
0.776664,0.0304903,53.1684
-0.880167,-0.00664481,61.897
0.831155,-0.0364034,54.1524
-0.66981,0.111456,29.0799
-0.20496,-0.0253322,17.2775
0.208109,0.0164755,15.5636
-0.966218,0.0406528,74.6461
-0.888227,-0.0762244,65.2522
-0.880751,0.122453,56.8399
0.770554,0.126787,59.3182
-0.627897,-0.0161226,40.8589
0.929667,-0.199391,63.8563
0.26856,0.128555,39.9168
0.226296,0.0632508,26.2068
-0.561578,-0.0470086,40.6878
0.629826,-0.0599062,31.419
-0.228826,-0.129203,38.4233
0.962293,-0.0161393,74.0173
0.577036,0.0599818,43.2229
-0.454011,-0.0320414,32.402
0.387257,0.0121103,25.0348
-0.306952,0.142303,10.8776
0.400611,-0.185398,10.7036
0.198336,-0.0860658,7.29997
0.937819,-0.184823,66.0387
-0.326514,0.0642082,6.0585
0.928557,0.122445,70.7571
-0.359647,-0.0128193,23.5334
0.966234,0.0410066,75.4407
0.257822,0.0750464,30.0318
0.417198,-0.0541631,14.6535
-0.743429,-0.114002,57.0651
0.666733,0.0734123,49.5632
-0.54788,0.174346,6.26473
-0.34598,0.0992881,0.489908
0.305142,-0.0250077,12.6453
0.818707,-0.187575,42.8661
0.342785,-0.171931,13.4302
0.95436,-0.0463804,71.9729
0.994961,0.181329,84.4667
-0.704427,0.0518317,39.4983
-0.939844,0.0402079,69.2687
-0.893449,-0.137917,67.6759
-0.668628,0.151559,24.0636
0.614123,-0.0348028,33.3405
-0.806443,0.116912,45.8525
-0.649116,-0.07911,49.2033
0.864647,0.0591389,62.3362
-0.857272,-0.0418755,60.8914
0.543593,0.0337851,37.8317
0.78499,-0.125835,42.1848
0.337507,-0.0749338,4.68876
0.599353,-0.0811699,25.6352
-0.707936,0.145915,29.8333
0.773222,-0.116939,41.303
-0.92053,0.153769,63.046
-0.810459,-0.0954009,59.7791
-0.627789,0.0328154,34.7438
-0.366671,0.00112663,21.2918
-0.784633,0.100576,44.1241
-0.824564,0.0361604,53.408
-0.3729,0.0601886,10.2147
-0.518004,0.186505,1.01833
-0.605881,0.0765206,26.9165
-0.94241,0.0565334,69.4493
0.738697,0.130035,57.9917
0.407522,0.0431339,31.7238
0.219174,0.0741617,27.9967
0.444714,0.120512,45.431
0.604856,-0.0576481,29.4413
0.343319,-0.0467286,10.773
-0.785727,0.0354783,49.2018
0.562411,-0.078684,22.5165
0.609576,-0.0547605,30.2605
0.822885,0.099582,60.8477
-0.443736,-0.0418962,33.4572
-0.730504,0.133012,34.1644
0.485373,0.0628788,38.9097
-0.277631,0.151078,14.7663
-0.935256,-0.0398888,70.0205
0.291208,0.0738854,31.4069
0.561035,-0.0472795,27.1556
0.710072,0.0377549,48.8048
0.67762,-0.165593,23.5464
-0.73099,-0.0512704,51.4223
0.741465,-0.00713545,47.2247
0.672807,-0.0403188,37.7651
-0.595109,-0.0472294,42.6211
-0.681857,0.111477,30.4702
-0.6114,-0.0533865,44.3014
-0.846216,0.0994751,52.5918
-0.820189,-0.0314166,56.9161
-0.572812,0.106557,19.2981
0.828529,-0.0862333,50.8907
-0.610103,0.156507,16.166
-0.743278,-0.0925219,55.4689
-0.862575,0.0132136,58.9993
0.457831,0.0810699,40.3098
0.342982,-0.002799,19.5065
0.468966,0.0916173,42.3464
0.380588,-0.135591,3.63061
-0.409119,-0.043318,31.8405
0.486592,0.0350092,34.723
-0.770711,-0.0186832,51.8155
0.39968,-0.122756,0.376995
0.83254,0.0959793,61.3466
0.350751,-0.183719,14.8254
0.371977,0.0584982,32.5623
0.836416,-0.108976,50.6393
-0.669771,0.0536183,35.9487
-0.429569,-0.116908,44.353
-0.571497,-0.0602716,42.9655
-0.441124,0.153659,1.44293
-0.290853,-0.0726493,31.1625
0.598169,-0.0610044,28.3715
-0.806707,0.130119,44.9571
-0.537617,0.0651012,22.4198
0.25379,0.1276,39.17
0.89784,0.0806767,66.3707
-0.570539,0.0233617,31.4439
0.77972,-0.00394886,50.9309
-0.584478,-0.0650327,44.2476
-0.707168,0.049534,40.0061
0.656777,0.0754909,49.235
0.428747,-0.0549367,15.3799
0.325418,0.0156792,22.0918
-0.267469,-0.121525,38.7174
-0.60783,0.18651,11.7136
0.413858,0.0934849,40.2535
-0.765215,0.17678,34.9955
-0.707896,0.168111,27.4079
0.370461,0.0113413,23.8925
-0.559232,0.0832844,21.518
0.961656,-0.171593,72.092
0.908356,-0.188018,59.5645
0.251144,-0.0476585,4.37705
-0.243847,0.14969,16.9721
-0.926245,-0.144924,70.9542
0.862584,-0.0525578,57.2068
0.244137,-0.0237536,9.05403
-0.588909,-0.0230058,39.1429
-0.792174,-0.0112813,53.1472
0.79065,-0.163575,40.0419
0.338361,-0.0180286,16.1962
-0.732762,0.0927719,38.4204
0.810321,0.11503,60.8506
-0.49828,0.068059,18.5934
0.39909,-0.136851,2.26786
0.450454,-0.118284,5.65183
0.280807,0.0781356,31.6966
0.916692,-0.195265,61.1007
-0.985636,-0.17066,80.9101
-0.579708,0.0879327,22.7589
-0.613464,0.148549,17.6733
-0.626394,0.182265,14.6757
-0.685208,0.0356822,39.4087
-0.990284,-0.133247,82.3298
-0.738289,-0.0730356,53.669
-0.623925,-0.0888557,48.9772
-0.632486,-0.0832757,48.796
-0.247426,0.0733457,1.33339
-0.224051,-0.0651997,26.4799
0.445147,-0.115732,5.63138
-0.681486,0.126667,28.6499
-0.849636,-0.129011,64.0569
-0.875808,-0.135904,66.2002
-0.254032,0.0584844,2.26015
-0.630213,0.00224445,38.781
-0.59655,0.137968,17.2143
-0.826858,0.120248,48.5629
-0.495496,-0.108936,45.8315
0.95536,0.0519674,73.466
-0.993958,-0.0142335,83.7051
-0.522078,0.0742169,19.6047
0.844935,0.106784,62.7547
0.570002,-0.0642881,25.3757
0.882698,0.14621,67.0718
0.868395,0.0244719,61.2791
-0.361857,-0.000172815,21.245
0.663247,0.0536249,47.349
0.522232,0.054648,39.6027
0.375945,-0.173899,10.9403
0.705863,-0.189976,24.7176
0.536746,-0.189389,2.6902
-0.29154,-0.0221989,21.4567
0.25412,-0.177162,21.2597
-0.863174,-0.0261883,60.7994
0.776817,-0.0194796,49.4943
0.313789,0.098803,36.8334
-0.767298,-0.125714,59.083
0.397235,-0.0485676,14.2392
-0.4272,0.00338298,24.6813
-0.202562,0.0537543,0.0732128
-0.291948,0.0434972,7.9452
-0.982835,0.0292838,79.2106
-0.887283,-0.108079,66.2106
0.959924,-0.162687,71.7464
-0.682587,-0.0529072,48.4539
-0.786327,-0.0662858,56.3537
0.218368,-0.064889,1.46264
-0.559496,0.173648,7.70521
0.678896,-0.187024,21.1707
-0.445384,0.19351,7.76453
-0.737607,0.0784161,40.3541
-0.983052,0.182844,78.5492
-0.426046,0.0745325,11.5411
0.366053,0.0625876,32.9839
-0.787284,0.0962224,44.8032
-0.780933,-0.11416,59.0762
0.683151,-0.0864724,33.5063
-0.776324,0.134987,40.2281
-0.454412,-0.0240282,31.0963
-0.643758,0.0458947,34.4777
0.606048,0.111753,50.6401
0.490486,0.107417,45.4295
-0.719336,-0.0113497,47.0463
-0.999058,-0.158165,87.5427
0.509345,-0.0920133,15.5325
0.349816,-0.184969,15.1207
0.846558,0.114329,63.2076
-0.627558,0.153172,18.7319
0.435904,-0.178774,6.24656
-0.429903,0.0475794,16.8231
0.635987,-0.0205083,36.9708
-0.335389,-0.124771,41.9209
-0.246739,0.0287992,8.1342
-0.871322,0.123216,55.2583
-0.535298,-0.119096,48.6655
-0.80467,0.004775,53.254
-0.473395,0.155973,1.29112
-0.993305,0.0340364,83.2902
-0.705051,0.0715398,37.4908
0.837214,-0.115539,50.3735
0.603199,-0.0803927,26.1165
0.994742,-0.045243,84.0446
-0.431988,-0.0863523,39.949
-0.339679,-0.113724,40.3588
0.844363,0.122931,63.4349
-0.832169,-0.020409,57.416
-0.991153,0.19608,81.8876
0.975037,0.135968,78.0815
-0.833595,0.121209,49.5009
-0.833954,-0.106889,61.9783
-0.959246,-0.141753,75.193
-0.842949,0.0729387,53.58
-0.76608,0.13522,38.7735
-0.712082,-0.0697814,51.81
0.877898,0.033915,62.6761
0.723571,0.103268,55.2351
-0.706611,0.00417316,44.5379
-0.746111,-0.0173815,49.701
0.320131,-0.162783,13.6379
-0.492808,-0.0373954,35.444
-0.796081,0.175573,39.9706
-0.986285,0.148307,79.9212
0.227937,-0.00962077,11.1053
0.426791,-0.166155,4.96309
0.891756,0.141535,67.6434
-0.842672,-0.115815,63.0006
0.510407,0.0628887,40.1668
-0.47294,-0.0838467,41.4016
0.279662,-0.115288,7.68489
-0.292119,0.101883,4.08374
-0.884712,-0.143242,67.1315
0.544081,-0.104243,16.8062
-0.372685,0.0633998,9.57036
-0.836816,-0.13168,63.3333
0.482689,-0.106935,10.5708
-0.747517,-0.0228059,50.2604
0.637352,-0.0865491,28.6821
-0.651461,0.118958,26.0451
-0.890901,-0.00733317,63.2197
0.942074,-0.0562113,69.3912
0.703207,-0.00233636,44.4414
-0.289046,0.0826282,0.382043
0.198636,0.117845,35.1898
0.728386,-0.151663,31.9964
0.501903,-0.113439,11.2524
-0.516783,-0.0420354,37.485
-0.866161,-0.0676934,62.8269
0.738174,-0.127008,35.7637
-0.327929,0.137695,8.35704
-0.50161,-0.0105299,31.7763
0.850549,0.0604796,61.1057
0.271696,-0.0891116,2.94766
0.956999,-0.0663566,72.2687
0.99744,-0.069812,85.8412
-0.357454,-0.101973,39.2076
-0.658998,-0.0599875,47.7609
-0.581574,0.0125856,33.8081
-0.461263,0.166701,1.72283
-0.635003,0.0613473,31.7158
-0.960761,-0.14148,75.4361
0.786671,0.00843927,52.456
-0.568436,-0.0544294,42.0466
0.427843,-0.0400649,18.0547
0.823696,0.0703882,59.3678
0.769781,0.126125,59.2362
-0.965861,-0.0594208,75.5396
-0.585747,-0.0674886,44.6158
-0.58857,-0.124551,51.3174
-0.998542,-0.114124,86.9393
-0.329141,0.155412,11.5662
0.951305,0.0647507,72.9408
-0.257504,-0.0187397,18.8333
-0.214219,0.092423,7.58749
-0.777793,0.137516,40.2269
-0.930246,0.127281,65.6517
0.399886,0.0950985,39.9066
0.716545,-0.0664995,39.2249
-0.341123,0.145141,8.69331
-0.299486,-0.104819,37.2423
-0.228603,-0.0545496,24.5892
0.972728,-0.135117,75.5041
0.574017,-0.0460906,28.4135
0.824604,-0.0941667,49.8731
0.994766,0.0151596,84.1411
0.229923,0.0829683,30.2037
0.36961,-0.130746,3.65257
-0.825427,0.0750949,51.1605
0.342784,-0.102003,0.290646
0.563911,-0.102263,19.059
-0.53096,-0.0882488,44.6127
0.395989,-0.0612982,11.7126
-0.443999,0.110173,6.52782
0.548807,-0.1399,11.6868
-0.206981,0.120942,13.9278
-0.828741,0.194456,44.1608
-0.200433,0.0334792,4.22783
0.323676,-0.17092,14.8184
-0.922993,0.149275,63.6606
-0.878559,-0.0168859,62.1008
-0.566177,0.0701799,24.1495
-0.384283,0.131606,2.57793
0.588911,0.039452,41.2761
0.500412,0.0518405,38.0425
-0.213881,0.00294518,11.7116
0.468962,-0.0128482,25.7827
0.231656,0.0943871,32.4171
0.550609,-0.0574837,24.7244
0.458105,0.0487865,35.34
-0.45491,0.0467093,18.8538
0.677552,0.00416609,43.0902
-0.518388,-0.0850835,43.6259
-0.833315,0.144294,48.064
0.328386,0.119117,40.7646
0.266927,-0.160873,17.3814
0.291197,-0.144004,12.4094
-0.806411,-0.0558674,57.1966
0.264094,-0.00302172,14.6781
-0.619168,0.035305,33.6966
0.625624,-0.0826854,28.0058
0.818463,-0.146797,45.5772
0.40263,-0.0900912,6.74586
-0.496125,0.103179,12.4456
-0.26845,-0.0335115,22.4564
-0.581747,-0.0834742,46.3553
-0.83997,0.0312216,55.4653
-0.453076,0.0454932,18.9326
0.812578,0.125513,61.5482
0.545307,0.0488958,40.0404
-0.398016,0.10156,4.20289
0.374942,-0.0409991,14.1111
0.86279,-0.172849,51.4473
-0.533445,0.150615,8.36283
-0.922809,0.179997,62.8279
-0.850236,-0.0353082,59.9093
-0.240984,0.175412,21.8917
-0.840825,-0.0182909,58.1519
-0.353415,-0.111436,40.5483
-0.546898,-0.0126678,35.0045
-0.457728,0.15591,0.238347
-0.394918,-0.00444405,24.0811
0.915422,-0.0259152,65.5602
0.680577,-0.11779,29.5819
-0.773108,0.107086,42.107
0.427585,-0.131751,1.18145
-0.516835,-0.00293319,31.5715
0.620963,-0.0636957,30.0936
0.810121,0.0244323,55.6037
-0.705421,-0.0293397,47.6909
0.593415,-0.168565,12.4565
-0.824068,-0.0911311,60.4915
0.447909,0.0483127,34.7268
-0.386297,0.103329,2.90884
0.743032,-0.164589,32.7934
-0.369487,-0.0802161,36.1606
-0.643862,0.0948423,28.2882
-0.742505,-0.0656988,53.355
-0.569939,-0.0845018,45.9233
-0.493899,0.134329,6.96708
0.275367,-0.181345,20.4295
0.713746,-0.0610888,39.4828
0.255827,-0.0514208,3.88172
0.491651,0.0190273,32.5032
-0.689816,0.0839487,34.512
-0.428814,0.113083,4.671
-0.843173,-0.0418766,59.5571
0.31857,-0.0175056,15.0384
-0.267064,0.167568,18.5932
-0.392064,0.123509,0.411666
0.396087,-0.0230113,19.0188
-0.642504,0.0170052,37.925
0.844583,-0.0387923,55.6114
0.308489,-0.0811563,1.31429
0.497061,-0.176469,0.338895
-0.621143,0.042633,32.9024
0.782062,0.050035,54.9562
0.873936,0.0823443,64.1086
0.483257,-0.13812,5.28447
-0.699141,0.133981,30.0066
0.577289,-0.122906,17.3124
0.269813,0.0219171,20.1796
-0.30812,0.133311,9.07235
-0.506222,0.195843,1.74849
0.724024,-0.0556087,41.0856
0.27528,0.115879,38.0947
-0.354367,0.0625122,8.40316
-0.808281,0.00821857,53.3902
0.496728,-0.191383,2.08379
-0.257086,-0.0610165,27.31
-0.369784,0.107349,0.803185
0.371258,0.0246724,26.4296
0.578365,-0.0669934,25.723
0.995031,-0.13368,84.0962
0.707653,-0.175207,26.5978
0.800629,-0.035734,50.7744
-0.28761,-0.0392566,24.6307
-0.884952,0.0233103,61.3654
0.668669,-0.194809,18.7919
0.518031,-0.0555515,22.3098
0.715203,0.0858616,53.3669
0.8041,0.0469963,56.4746
-0.641805,-0.0685251,47.7002
0.205404,-0.0703866,3.49018
0.565459,-0.0421642,28.2847
0.528669,-0.0839955,18.6006
0.502994,0.0710248,40.9603
0.384133,-0.0571083,11.6393
-0.369916,0.0732486,7.43545
0.643515,-0.100992,27.4599
-0.350685,-0.0818933,35.588
0.690608,-0.199412,21.4103
0.297705,-0.103097,3.91724
0.363273,-0.146736,7.1539
-0.287836,-0.129926,40.8943
0.540035,0.11177,47.9635
0.968139,-0.0484767,75.0314
-0.757073,0.00677051,48.6426
-0.959824,0.177314,71.5388
-0.624335,-0.0036415,39.0781
-0.499997,0.0710746,18.2285
-0.981072,0.180268,77.8521
0.443401,0.0122373,28.4399
-0.255408,0.0618852,1.63013
-0.386228,0.0634784,10.5621
-0.646168,0.102964,27.4938
0.857057,-0.0129436,58.3673
0.291973,-0.0932564,2.34658
-0.421718,0.0906982,8.18929
-0.664369,0.0387257,37.1887
-0.711165,-0.0837722,52.9657
0.68175,0.111013,53.8576
-0.395337,0.0268389,18.2432
-0.571998,-0.0774765,45.157
-0.30538,-0.122822,40.447
0.537883,-0.102151,16.5397
0.645508,0.092362,50.3811
-0.19999,0.172805,24.2467
-0.351879,-0.0623274,32.2431
0.287293,0.0584304,28.3247
0.872629,0.015747,61.3861
-0.59866,0.0566677,29.0239
0.590324,-0.0699841,26.3793
0.866624,-0.0501751,57.8502
-0.359963,-0.0629602,32.7509
0.284519,-0.0300979,10.2614
0.872293,-0.00708445,60.4163
-0.446045,-0.10584,43.4245
-0.467614,-0.0899344,42.0458
0.99293,0.142786,83.4294
0.94038,-0.00126716,70.071
0.952692,0.0825959,73.4124
-0.863561,-0.0406341,61.4566
0.881882,-0.0229084,60.9805
0.335596,-0.0461294,10.3595
-0.308124,0.107778,4.07701
0.314568,0.0621492,30.3767
-0.634427,0.144154,20.7685
-0.819956,-0.0510754,58.0092
-0.908607,0.185492,59.6964
-0.728943,0.16168,31.056
-0.64881,-0.0701724,48.2556
0.33007,0.00748458,20.752
-0.86798,-0.0346836,61.6572
0.693986,0.123396,55.4729
-0.683105,-0.0101991,44.15
-0.753654,-0.0652663,54.0483
-0.458677,0.0338562,21.4119
0.502834,0.0170217,32.8731
-0.875628,-0.141127,66.3682
0.441434,0.0568178,35.7637
-0.67209,-0.099742,52.3779
-0.821383,0.101835,48.9471
0.271582,-0.122193,9.64644
-0.424454,0.0984883,6.97508
-0.862676,-0.0832135,63.1476
-0.878206,0.128202,56.1743
-0.42376,0.117641,3.39897
-0.224236,0.0869867,5.77487
-0.697931,0.13069,30.2212
-0.3342,0.104464,1.43739
-0.264639,-0.056479,26.8079
-0.851442,0.0183336,57.4596
0.220942,-0.0201998,8.39133
-0.626469,-0.0106578,40.0948
-0.821196,0.148726,45.8754
-0.501483,0.158833,3.66998
0.86582,-0.108719,55.0529
0.589508,-0.0344501,31.3611
-0.703762,-0.0683354,51.1874
-0.960765,-0.0206317,74.109
0.263017,0.0262085,20.6772
0.34506,-0.0319136,13.8604
-0.934452,0.0959929,67.1625
-0.630405,0.133774,21.6768
-0.264932,-0.0827791,31.8092
-0.826565,-0.136741,62.9428
-0.264813,0.184203,21.7135
-0.487019,-0.0472304,36.6349
-0.558043,-0.00156585,34.1401
0.975891,0.0170778,77.4872
0.815575,-0.00252808,54.4746
-0.221147,-0.0784449,28.9215
0.989455,-0.066775,81.4641
0.950104,0.138629,73.7779
-0.884507,0.0438813,60.5313
0.628003,-0.12019,23.2258
0.576686,-0.00333157,34.7462
0.258369,0.0423458,23.6912
0.608717,-0.0548707,30.1688
-0.193168,0.174071,24.9238
0.202287,0.0557009,23.4688
0.316801,-0.146873,10.9674
-0.523576,-0.0657889,41.2366
-0.652399,0.0849508,30.436
0.470296,-0.164453,0.444226
0.727943,-0.0322424,43.7147
0.981466,0.11042,79.4869
0.607748,0.0341714,41.7542
-0.701237,-0.0422895,48.628
0.559946,0.0678373,43.3405
-0.198241,0.0222954,6.54931
-0.911592,0.177869,60.5447
-0.312462,0.0450812,8.99326
0.939097,0.0800505,71.3135
-0.399959,0.0617811,11.9188
0.81605,-0.0694464,50.3275
-0.557426,0.185258,5.72125
-0.466802,-0.0811459,40.7292
0.532777,-0.177883,4.01187
-0.963219,0.00910312,74.2934
-0.577394,0.0123002,33.539
-0.901247,0.149257,59.4422
-0.906701,0.137385,60.8478
-0.959105,-0.0728443,74.3894
-0.971431,-0.160221,77.51
-0.953167,-0.0409727,72.9331
-0.957526,0.0606658,72.4571
-0.455228,0.0644455,15.707
-0.46556,0.0863483,12.6566
0.870491,-0.0803319,57.0466
0.207058,-0.0172485,8.19017
0.859233,0.0660625,62.1281
0.779428,-0.0427342,47.9892
-0.962465,-0.167322,75.9821
-0.29847,-0.0759025,32.119
0.643987,-0.123143,24.6496
-0.860721,0.166368,51.4053
-0.433896,0.180808,6.78358
-0.65546,0.163856,20.8413
0.371171,0.110271,41.0793
0.852145,-0.0444903,56.251
0.991655,0.11654,82.831
0.638137,0.0653756,47.1591
-0.203547,-0.0491394,22.1891
0.791435,-0.000636952,52.261
-0.38062,0.186229,12.6576
0.312022,-0.0672196,4.41508
0.5279,0.0967433,45.5803
-0.970973,0.088073,75.404
0.527792,0.0137285,33.9335
-0.252655,0.132776,13.0952
0.660816,0.12845,54.5238
0.381489,-0.174337,10.5278
0.407326,-0.101943,4.90077
0.987204,0.127348,81.2393
0.53044,-0.175337,4.14697
0.513797,-0.126042,10.309
-0.664633,0.0760339,32.7879
0.952922,0.157681,74.4294
0.390529,0.0538131,32.6818
-0.834981,0.0410584,54.338
-0.784556,-0.0233959,53.3178
0.657163,-0.134145,24.7974
0.948425,0.0690524,72.535
-0.691567,-0.00425607,44.1814
-0.482022,-0.0326402,34.0909
0.528212,-0.169658,4.78987
-0.545938,0.0718275,22.0869
0.624492,-0.0851365,27.5643
-0.827818,0.190019,44.2834
0.753938,0.0927584,56.0976
-0.263646,-0.113299,37.1738
-0.564694,0.117682,16.7831
-0.370277,0.080489,6.0473
-0.310275,0.0155403,14.9147
0.688103,-0.0314136,40.1334
-0.208486,0.0504575,1.02204
-0.660778,0.065908,33.6218
-0.872649,0.168369,53.4351
0.22753,0.0380515,21.1745
0.220852,-0.00254845,12.2088
-0.305034,0.172008,16.4981
0.419966,0.0290521,29.9712
-0.909983,0.0711883,63.4393
-0.341875,-0.020141,23.9033
0.800712,-0.0358743,50.7739
-0.625058,-0.0709501,47.0701
-0.445779,0.0985171,8.78405
-0.780736,-0.0955353,57.8834
0.359441,-0.0512497,11.0033
0.313099,-0.178267,16.9703
0.266469,-0.0540329,4.03284
-0.912706,0.167463,61.084
-0.893629,-0.00963976,63.636
-0.423718,-0.0214694,28.8668
-0.507062,0.14438,6.6145
-0.731444,0.0512111,42.2669
0.95865,0.107475,74.7082
0.399935,0.0782914,37.2355
0.547154,-0.195688,2.94754
0.782722,0.114719,59.2115
-0.99437,0.176695,83.6384
0.716238,0.0647845,51.627
-0.578466,0.0224807,32.1787
0.807684,-0.0015521,53.7561
0.224752,-0.0541957,1.25663
-0.350497,0.000986146,20.3231
0.456391,0.0337057,32.8098
-0.344503,-0.0600827,31.479
0.929633,-0.134101,65.3723
-0.273056,-0.103541,35.893
0.973322,-0.0300998,76.487
-0.707563,0.0686969,38.0544
0.211906,-0.0293045,5.85206
0.756957,0.0630725,54.1034
-0.591816,-0.0782039,46.2137
0.834396,-0.168681,46.7527
-0.956758,0.116723,71.555
0.557838,-0.0218123,30.706
0.64209,-0.132035,23.2737
-0.265689,-0.0743666,30.2802
0.2204,-0.0934948,7.39672
-0.227886,0.0275373,7.22757
0.356227,-0.0718351,6.68949
0.767129,0.0675149,55.1113
0.581929,-0.174921,10.1599
0.544877,0.0658135,42.3119
-0.95721,-0.0582238,73.875
0.794684,0.0771549,57.6314
-0.618614,0.18134,13.799
-0.245029,-0.0331618,21.1137
-0.546627,0.0982736,17.994
-0.858862,-0.110182,63.9391
-0.556524,0.138004,12.8058
0.656149,-0.0691166,32.7757
-0.81439,0.13345,45.8576
0.403751,-0.0821933,8.33057
0.853858,-0.0163626,57.8349
-0.702368,0.193421,23.8211
0.467132,-0.0807421,13.7815
-0.356477,0.179528,13.6104
-0.860858,0.149091,52.2963
0.307935,-0.0404328,9.6466
-0.62731,0.00305766,38.4641
-0.565263,0.0765514,23.103
-0.530574,0.0759705,20.067
0.426202,-0.126855,1.94026
-0.330626,0.0204238,15.2186
-0.386474,-0.0924416,38.9126
-0.439054,0.0974212,8.40676
-0.486465,0.17971,1.30354
-0.832766,0.120222,49.437
-0.832949,0.167577,46.5776
0.925961,0.00253313,67.8499
-0.725034,-0.0317593,49.3239
0.462962,-0.0166121,24.7256
-0.644642,-0.0878763,49.8805
-0.616205,-0.0699967,46.4975
0.330299,0.0430153,27.6166
0.985141,0.183745,80.8177
-0.678631,-0.102232,52.921
0.895286,0.0463327,65.0293
-0.868422,0.106591,55.5541
0.684068,0.0116984,44.3786
0.530148,-0.101505,15.9043
-0.260095,0.0700619,0.218932
0.264566,-0.186067,22.0552
-0.286694,-0.101969,36.2089
-0.548184,0.0624847,23.7418
-0.875314,0.00489373,60.8675
-0.50661,0.115353,11.3806
0.76657,0.100124,57.3445
0.752662,-0.0423703,45.229
-0.632239,0.00476951,38.622
-0.943549,0.136201,68.2589
-0.589811,0.10065,21.8928
-0.584486,0.119802,18.5363
0.319381,0.0770905,33.3119
0.241123,0.0911571,32.2547
-0.648508,-0.0285635,43.7031
0.364854,-0.133381,4.54198
0.228841,0.125659,37.8268
0.717033,-0.110887,34.7189
0.783285,0.0463045,54.7947
-0.987239,-0.0998527,81.1582
-0.621017,-0.0589671,45.4944
-0.948487,-0.164185,73.9105
0.514986,-0.198856,1.24018
-0.706567,-0.0619015,50.7778
0.346144,0.0561789,30.8579
0.889462,0.0867429,65.7197
0.864503,-0.127354,53.9617
-0.355476,-0.0588603,31.805
0.769052,0.111042,58.2155
-0.98487,0.0957306,79.6022
-0.772426,0.100802,42.5402
-0.203004,0.0117081,9.15776
-0.397501,0.159998,6.57691
0.780312,0.0241321,53.0137
-0.459012,0.134823,3.52741
-0.665957,-0.019596,43.9041
0.229749,0.0813228,29.8832
-0.800711,-0.0714651,57.7088
0.425977,-0.0936527,7.99533
0.729142,0.031966,49.6415
-0.773668,-0.0231515,52.3918
0.790927,-0.0606609,47.9213
0.524536,0.0284944,35.9361
-0.376438,-0.0282062,27.372
-0.825697,-0.0454345,58.1827
-0.204638,0.141668,18.1603
0.67503,0.10545,53.0449
0.232082,-0.000333467,13.3473
-0.735508,0.0563551,42.2017
-0.686056,-0.100224,53.0983
0.704718,-0.16012,27.8443
0.218615,0.0103928,14.8599
0.389946,-0.12703,1.24661
0.956526,-0.132577,71.2884
-0.945109,0.0327439,70.3656
0.376269,-0.0237561,17.5492
0.940424,0.0238874,70.5259
-0.902453,0.129542,60.3255
0.727629,0.120274,56.7541
0.672945,-0.159398,23.6706
-0.464953,-0.0135937,29.9878
0.650676,-0.168024,19.6918
0.348575,-0.0223004,16.0072
0.408479,-0.017473,20.8862
0.274287,0.0257364,21.2062
-0.474933,-0.00880184,29.8124
0.293321,-0.148476,13.0915
0.701716,-0.119634,31.9161
-0.431808,0.0685025,13.113
-0.858283,-0.0843411,62.8212
0.377147,-0.0145568,19.3783
0.818702,0.00984386,55.5235
-0.202854,0.166552,22.9316
0.291804,0.0604558,28.9339
-0.227944,0.156164,19.307
0.530309,-0.150992,7.96834
0.200851,0.0783479,27.9218
-0.759263,0.0844922,42.3072
0.796346,-0.183513,39.4043
-0.72946,-0.0939028,54.8065
-0.29478,0.110956,5.70644
-0.384808,-0.0205227,26.4399
0.204413,0.0646487,25.3863
-0.429356,-0.0690945,37.134
-0.68815,-0.0174986,45.2781
-0.285382,0.083784,0.880371
0.745446,-0.170538,32.5757
-0.289217,-0.0983869,35.6981
0.942812,-0.0156755,70.238
-0.6635,0.0503053,35.7476
-0.960634,-0.138021,75.3783
-0.811767,0.1374,45.195
0.820703,-0.0095963,54.5704
-0.330897,0.165994,13.3489
-0.491714,0.132301,7.09434
-0.992678,0.12275,82.8062
0.236321,0.125275,38.0708
-0.9234,0.111285,64.7029
-0.409632,-0.0305541,29.6517
0.907865,-0.0924506,62.4511
-0.649643,0.0653443,32.6054
-0.66406,0.182134,19.7043
-0.73184,0.0616308,41.3178
0.42661,0.109888,43.2306
-0.423417,0.146558,1.84299
-0.515425,0.174952,2.55508
0.759821,0.0150186,50.6279
0.398896,-0.06117,11.9554
0.55414,0.0117362,35.3418
0.749011,-0.131918,36.735
0.563264,0.121689,50.0359
0.25431,-0.120288,10.5148
0.441943,0.0957423,41.7894
-0.614812,0.0543013,30.7914
0.725656,0.09798,54.9245
-0.779842,0.0321547,48.8378
0.824318,-0.109262,48.8864
0.914944,-0.0610575,64.5357
-0.256024,-0.0591495,26.8934
0.960813,-0.098734,72.7405
-0.42848,-0.0444477,33.0624
0.449439,0.0654889,37.5353
0.252592,0.0827453,31.2274
0.346273,0.117212,41.17
0.721922,-0.126755,33.6856
-0.632559,0.0678455,30.6421
0.908284,0.00912854,65.5093
0.588729,0.124938,51.3652
0.887548,-0.155404,56.6903
0.599463,0.120505,51.3068
-0.614798,-0.0277822,41.4111
0.952246,0.105596,73.6488
-0.869617,0.0751359,57.1507
-0.228114,-0.0468356,23.0048
-0.39802,0.114109,1.84574
0.234526,-0.117925,11.4361
-0.996841,-0.151734,85.5553
0.201475,0.125395,36.6344
0.53324,0.0709214,42.4179
0.931763,0.0549731,69.8116
-0.915886,0.021243,65.7539
0.999451,0.092067,88.1074
-0.318732,-0.0845915,34.6042
-0.415175,0.0936542,7.09969
-0.351372,0.168925,12.1764
-0.229563,-0.0525084,24.2283
-0.965631,-0.0200039,75.1097
0.581107,-0.1525,13.3453
0.438903,-0.123018,3.76671
0.858845,0.0338468,60.6907
-0.199536,-0.0598392,24.1695
0.846659,-0.0221564,56.7159
-0.266524,-0.0403189,23.7183
0.828644,0.0950702,61.0209
0.379008,-0.0537024,11.9262
0.678213,-0.00398924,42.2638
0.254375,-0.0332054,7.67431
-0.992739,0.0237149,83.0289
-0.764504,-0.0780036,55.6842
-0.393071,-0.029481,28.5342
-0.800642,0.135331,43.695
-0.506751,0.188296,0.504389
-0.802977,0.101293,46.4827
0.364277,-0.151121,7.8729
-0.686242,0.121002,29.8846
0.347915,-0.159055,10.6918
0.668308,0.0468437,46.9544
0.517716,0.0926558,44.6062
-0.939313,-0.155801,72.6329
0.535687,-0.1153,14.2227
-0.762887,0.00871038,49.0139
-0.299545,0.0637868,4.24567
0.711236,-0.126995,32.3011
0.835875,0.131333,63.2577
0.287349,-0.0738557,1.30912
-0.49107,0.191083,2.64519
-0.938513,-0.130684,72.1117
-0.346019,0.189011,16.1363
0.977539,0.0976004,78.4147
-0.340725,0.1494,9.51609
-0.62089,-0.0210583,40.9855
-0.397798,-0.0831126,37.9171
0.850043,-0.160776,49.855
-0.785055,0.149151,40.3363
-0.969747,-0.0360893,76.1576
0.393714,0.00851875,24.7596
0.305536,-0.111742,5.05861
0.415466,-0.130274,0.368812
0.564057,-0.0447905,27.7784
-0.480551,-0.0427832,35.5988
-0.73392,-0.0197524,48.9403
0.373848,-0.108535,0.904191
0.993992,0.157261,83.9456
-0.660783,-0.0221348,43.8199
-0.501862,0.0630808,19.7305
-0.46247,0.130127,4.6708
0.542056,-0.000362743,32.7635
0.665168,-0.0844886,31.8249
-0.354125,-0.11669,41.3977
0.243989,-0.0647374,0.26103
-0.415081,-0.1076,42.4354
0.381921,-0.0625735,10.4162
0.661666,-0.0115661,40.1023
0.225976,-0.0317228,6.20106
-0.58084,0.0847971,23.3308
0.750787,-0.016181,47.2868
0.93697,-0.0931019,67.7118
-0.455418,-0.0504033,35.4565
-0.328831,0.120085,4.90875
0.227642,-0.0167399,9.55012
0.754578,-0.123586,38.2453
-0.395679,-0.12188,43.7797
0.725426,-0.089702,37.8705
0.711403,-0.002257,45.1195
-0.933559,0.0211241,68.5469
-0.601218,-0.119676,51.2881
0.997252,0.00391363,85.7418
0.955609,-0.171258,70.5345
-0.290578,0.15074,13.7253
-0.595526,-0.0695042,45.3647
-0.361137,-0.0326662,27.3447
-0.97793,-0.0198288,78.0407
0.868953,0.144453,66.002
0.750451,0.11043,57.1719
0.818006,0.099085,60.4886
0.855255,0.0947056,63.0124
0.959355,-0.0334596,73.1879
0.264018,-0.137287,13.1484
-0.91789,0.061305,65.0133
-0.837823,-0.0153066,57.6991
0.601001,-0.138268,17.6751
-0.561115,-0.00819089,35.297
0.582145,0.0352803,40.3314
0.748305,-0.101802,39.4346
-0.758442,0.142381,37.0724
-0.645267,0.000660442,40.0985
-0.839396,-0.0329103,58.7577
-0.218029,0.0613215,0.716786
-0.808107,0.121934,45.7357
-0.337905,-0.0102841,21.7643
-0.987613,0.00665141,80.9315
-0.84332,0.121156,50.9676
-0.434399,-0.0577157,35.5534
0.603596,-0.0287902,33.2827
-0.571139,0.130722,15.4841
0.969436,-0.0200689,75.601
0.586681,-0.110685,20.1063
0.416189,0.0759677,37.6107
0.499451,0.109891,46.1142
-0.956578,-0.128031,74.6103
0.565032,0.0476998,40.9736
-0.556576,0.0216954,30.6284
-0.245845,0.0402959,5.61059
0.899218,-0.0556194,62.2372
0.203153,-0.0525976,0.216415
0.901954,-0.18497,58.3602
-0.479784,0.0590003,18.6286
0.505459,0.0541867,38.654
-0.412496,0.190391,10.4377
0.297439,0.12496,40.4767
0.336315,0.0906953,36.4396
-0.21517,-0.0152198,15.6952
0.365042,-0.0870768,4.35767
0.938373,0.125353,72.0026
0.243627,-0.0817122,3.35374
-0.302196,0.153304,13.31
0.892883,-0.0842167,60.278
0.77634,0.0570518,55.0176
0.928816,-0.120021,65.5342
-0.403344,0.122179,0.797587
0.383275,0.0451197,30.788
-0.667908,0.0489538,36.3174
0.303671,-0.171386,16.4938
-0.41773,0.089486,8.08716
-0.746152,-0.0727396,54.1349
-0.220105,0.0467541,2.56799
0.749436,-0.126749,37.2728
0.221802,-0.121332,12.9982
-0.637803,-0.0737886,48.0516
-0.503815,-0.0738678,41.4025
0.725051,-0.0102147,45.5161
0.977671,0.137227,78.6846
0.879826,-0.0137891,61.0703
-0.894486,0.0191052,62.7815
-0.787715,-0.104044,58.8425
-0.707851,0.157334,28.5782
-0.809218,-0.0568561,57.4754
0.312318,0.0769916,32.9647
0.578431,0.0326806,39.7646
-0.301499,0.0235469,12.7132
-0.927581,-0.0300986,68.6995
-0.370614,0.149905,7.11246
0.456849,-0.137882,2.79055
0.713504,-0.15555,29.5438
0.508738,-0.190802,0.68061
0.73568,0.087571,54.6569
-0.839349,-0.122777,63.0906
0.689963,-0.190846,22.3018
-0.736143,0.175706,30.6906
-0.652156,0.184624,17.7763
-0.434873,-0.00838899,27.2489
-0.991489,0.054376,82.3786
-0.859637,-0.0389896,60.9959
-0.298205,0.042407,8.58877
-0.531563,-0.117446,48.3225
0.629582,0.0538946,45.3997
0.990854,-0.15134,81.8548
0.813215,-0.0122649,53.6354
-0.328596,0.132617,7.33898
-0.265911,0.0595836,2.82236
0.509031,-0.0668814,19.6943
0.492118,-0.0895856,14.4002
0.901086,-0.192137,57.9371
-0.851048,0.16275,49.9186
-0.36348,0.189297,14.69
0.807776,-0.0814451,48.4907
0.387383,-0.0321405,16.6876
0.908201,-0.155652,60.5562
0.644588,-0.117151,25.4932
0.542173,-0.0742519,21.3709
-0.438868,0.170593,4.57322
-0.490661,0.198295,3.83368
-0.412281,0.191174,10.5889
0.348277,-0.0954589,1.42001
0.758249,-0.157833,35.6471
0.39918,0.0672578,35.3878
-0.608547,0.105963,23.068
0.295392,-0.0512834,6.55403
0.77638,0.0701324,55.9196
0.32107,-0.163056,13.6122
-0.973751,0.106511,76.0216
0.872076,-0.129329,55.1064
0.545073,0.0803694,44.2361
-0.318901,-0.0213754,22.8366
0.633614,0.00864246,40.3556
0.784198,0.0657236,56.1659
-0.927131,0.101602,65.6404
-0.690157,0.165708,25.226
0.769329,-0.0246607,48.3595
-0.447935,0.123819,4.43967
-0.97553,0.0203478,77.1378
0.376369,-0.197414,14.9258
0.466485,-0.0424931,20.4719
-0.587991,-0.0190483,38.5617
0.530907,0.0232877,35.5517
0.779177,-0.177524,37.1157
0.881243,-0.0519828,59.7642
0.506274,0.0173898,33.1431
-0.779854,0.0810613,45.0577
0.885772,-0.0546056,60.3027
0.399441,0.0888957,38.9129
-0.598275,0.196625,9.08787
-0.566375,0.148593,12.2666
-0.814775,-0.0640582,58.3261
-0.595736,0.196159,8.82971
-0.741609,0.0852912,40.1655
0.646756,0.0869955,49.8946
-0.951375,0.152355,69.7756
-0.502939,-0.0307245,34.9996
0.772176,-0.127724,40.2578
-0.660427,0.0187499,39.1745
0.524808,0.123852,48.8449
0.524902,-0.0703761,20.4754
-0.759081,0.0799591,42.6789
0.575207,0.0385873,40.3524
0.925668,0.105164,70.0618
-0.427258,-0.0648443,36.3515
0.733249,0.021152,49.0099
0.547912,-0.0698968,22.5636
0.6232,0.0549036,45.1496
-0.510824,0.199976,1.88042
0.927673,-0.18856,63.6692
-0.218422,-0.0555282,24.2636
0.86899,0.10931,64.7004
-0.384059,0.0271363,17.4212
0.971327,-0.00569694,76.1786
-0.878322,0.121302,56.4865
-0.772856,-0.027136,52.6175
0.441488,0.0693539,37.7555
0.942671,-0.0510413,69.5957
-0.595336,-0.0542095,43.4986
0.953391,0.00622129,72.5013
0.205543,-0.0218181,7.09846
-0.379551,0.143873,5.24464
-0.686596,0.187165,22.2452
-0.40593,0.0476326,15.0494
-0.481569,0.165368,0.543138
0.269543,-0.180519,20.7195
-0.475062,0.119585,7.67974
0.622062,-0.0429635,32.9386
0.639274,0.0618608,46.8384
0.231825,0.0461942,23.0692
0.694578,-0.0193275,41.9858
0.764967,0.124024,58.8538
0.582209,-0.127039,17.2251
0.499798,-0.0334445,24.5176
0.321794,-0.0861888,1.26735
0.581418,0.0197075,38.2228
-0.802004,0.160351,42.0578
-0.799799,0.128335,44.087
0.369205,-0.16569,10.0789
0.872405,-0.148239,54.3081
0.955369,-0.0761749,71.7825
0.366962,-0.129566,3.65116
0.885855,0.00301565,62.4469
-0.967734,0.0445935,74.9695
0.254343,0.0355018,22.0956
-0.234643,-0.114704,36.1889
0.874865,-0.0201496,60.1957
0.509719,0.050511,38.3414
-0.203654,-0.0310602,18.4199
-0.988088,-0.0116532,81.1661
0.905761,0.0973855,67.6726
0.50665,0.07573,41.7989
0.220945,0.089408,30.9975
0.807738,-0.0817996,48.4618
-0.534998,0.145334,9.36449
0.992957,0.0487253,83.2696
0.745984,-0.0666432,42.3755
-0.613508,-0.0993999,49.6335
0.796295,0.136482,61.2367
0.786209,-0.0542973,47.8559
0.923471,0.133861,70.425
0.819162,-0.0259993,53.4179
0.42519,0.123733,45.1493
-0.328242,-0.11899,40.7388
-0.419768,-0.0823325,38.7813
0.288889,-0.0757635,1.0225
0.637842,0.11269,52.0756
0.607493,0.0394581,42.3901
-0.83637,-0.0724273,60.4757
0.225762,0.134457,39.1736
-0.617982,0.153479,17.5313
0.983722,-0.0579613,79.3683
0.611991,-0.111013,22.7285
-0.487109,0.0361812,23.1081
-0.982414,-0.17375,80.0384
-0.890894,0.186536,56.1056
-0.743326,0.143171,34.8968
0.772165,0.0644068,55.2354
-0.239139,-0.0945574,32.7886
0.822964,-0.124114,47.7449
-0.355929,-0.0602864,32.0807
0.845768,-0.115183,51.6689
-0.344373,-0.0670939,32.7226
-0.911018,0.00675961,65.4383
0.833879,0.0470212,58.9791
0.233367,-0.1206,12.0527
0.976638,0.0692997,78.0175
0.21281,-0.128931,15.1232
-0.974547,0.117147,76.1709
0.537445,-0.137972,10.7892
0.206176,-0.0161667,8.37335
0.996908,-0.14588,85.3626
0.456088,-0.0896591,11.2596
0.756296,-0.023217,47.213
-0.786334,0.147392,40.6662
0.296173,-0.109852,5.3828
0.488332,-0.15047,3.70835
-0.568386,-0.0262618,38.2843
0.535795,0.080552,43.8246
0.74062,0.0860157,54.8213
-0.729416,0.054241,41.771
-0.68895,-0.0338516,46.9815
-0.852022,0.130911,51.7862
-0.920023,0.048139,65.7039
0.5656,-0.0159326,32.1476
-0.885674,-0.132485,66.8627
0.691982,-0.165561,25.4917
-0.767269,-0.0980808,57.2463
-0.64787,0.101725,27.8374
-0.564579,-0.12312,50.2483
0.535651,0.0361181,37.6999
-0.915895,-0.107108,68.9984
-0.932256,0.11737,66.2743
-0.942973,-0.0613658,71.5655
0.792581,-0.156649,40.8794
-0.264884,-0.089146,32.9719
-0.706026,-0.0355677,48.3212
-0.434548,-0.0379949,32.309
0.94036,-0.166067,66.9911
-0.501754,-0.0978545,44.6138
0.616156,-0.168837,15.1981
-0.63699,-0.0775762,48.415
0.857856,0.133931,64.8239
-0.517711,0.158753,5.38763
0.965242,0.077343,75.5887
-0.971983,0.113924,75.4643
-0.675583,0.0197846,40.3194
-0.584931,0.0899103,22.9749
0.223692,-0.123482,13.2976
-0.388937,-0.0891807,38.4984
-0.251266,-0.0962143,33.6364
-0.669414,0.127955,27.0363
0.556903,-0.149872,11.0239
-0.429859,0.127565,2.13871
0.204478,0.0242756,17.0259
0.925991,-0.108549,65.2598
-0.739922,0.0800899,40.4587
-0.966196,0.108744,73.963
0.334743,0.0662244,32.1025
0.503232,-0.0702609,18.6394
-0.520195,0.0891424,16.9928
-0.367601,0.114516,0.746062
0.546827,0.0770396,43.8872
0.559911,-0.0926237,20.147
-0.885711,0.00487958,62.1421
-0.225769,-0.128224,38.1334
-0.529782,0.028996,27.4926
-0.339972,0.0355977,12.7805
-0.34689,0.150361,9.18715
-0.504499,0.0376993,24.1693
0.916004,-0.147567,62.3165
0.601694,0.00870233,38.123
-0.694099,-0.0335409,47.3033
0.980081,-0.0986179,77.974
-0.422496,-0.0918272,40.3707
0.488229,-0.139926,5.46714
-0.65796,-0.0945334,51.1989
0.716905,-0.180707,27.3414
0.343294,-0.108484,1.51927
0.99457,0.064289,84.1019
-0.692208,-0.119491,55.0657
-0.461618,0.174262,2.95479
-0.636519,-0.0453882,44.8443
-0.248979,0.0300864,7.99939
-0.60841,0.0865067,25.7717
0.540059,-0.0785913,20.4947
0.404374,-0.130895,0.717571
0.547664,0.103082,47.2141
-0.846944,0.0697435,54.283
-0.926102,-0.00819631,67.9989
0.998769,0.0625116,87.168
-0.71359,0.0615722,39.4174
-0.265411,0.0885665,3.27727
-0.372697,0.0804625,6.23804
0.52605,-0.101562,15.5063
-0.690208,0.11613,30.9186
-0.853176,-0.0299005,59.9455
0.862343,-0.139383,53.0252
0.681742,0.0264044,45.7315
0.330358,0.105394,38.6339
0.446757,0.00468515,27.3444
-0.994338,0.0937564,83.7444
-0.383289,0.141124,4.4194
0.403542,0.0313749,29.4559
0.91269,-0.178361,60.7549
-0.964581,0.140077,73.2181
0.986914,0.133409,81.1667
-0.492598,0.160165,2.53303
-0.324575,-0.0482423,28.2981
-0.80217,0.076821,48.107
0.269134,0.0546238,26.675
-0.447895,0.0224115,22.6692
-0.538203,0.0655414,22.4005
0.887349,0.0844043,65.438
0.9917,-0.170276,82.2163
0.65683,0.0885675,50.5545
0.631372,-0.0111276,37.77
-0.66011,-0.0603635,47.8643
-0.872504,-0.113468,65.1392
0.793369,-0.0334464,50.1556
-0.37411,0.0554104,11.2376
-0.807956,0.00716102,53.4253
0.402514,0.0894891,39.141
-0.8855,0.00495751,62.1129
-0.452097,-0.0422976,33.975
0.935665,-0.0112451,69.0949
-0.614546,-0.0177208,40.1486
-0.773357,0.155257,38.0975
-0.850048,0.0177998,57.3251
-0.434529,-0.00834479,27.2199
-0.965811,-0.157742,76.4528
0.681729,0.0239277,45.4756
0.963351,0.162638,76.0805
-0.323473,-0.0820951,34.3833
-0.691297,0.170347,24.8486
0.505029,0.102091,45.3149
0.87198,-0.113285,55.8095
-0.82839,0.109253,49.4669
0.26731,-0.0902658,3.49495
-0.615968,-0.109162,50.7824
-0.242033,-0.125769,38.3882
0.409737,-0.155313,4.64279
0.241595,-0.103181,7.95186
-0.274653,-0.123549,39.3421
0.491651,0.0190273,32.5032
0.465614,-0.0439162,20.1566
-0.283976,0.0115659,14.0984
-0.370325,0.10608,1.09047
0.47306,-0.0749028,15.3064
0.851809,0.0400452,60.2818
-0.817857,0.0438787,52.1673
-0.338921,0.00210737,19.3934
0.756539,0.047215,52.8746
0.747134,0.00176333,48.4787
0.289899,0.0754303,31.6284
0.981267,0.0775413,79.2681
-0.854962,-0.0456378,60.8378
-0.743081,0.161691,33.0805
-0.958346,-0.127443,74.8866
-0.93667,0.11845,67.1415
0.239829,0.026698,19.4949
-0.270163,-0.04834,25.4989
-0.789099,-0.0197403,53.4534
0.314415,-0.182595,17.6236
0.744025,-0.113734,37.788
-0.912194,-0.0898919,68.1652
-0.831156,0.136992,48.1728
0.913816,0.127899,69.2831
-0.900674,0.111908,60.6004
0.337816,-0.0489732,9.93899
0.414289,0.0840296,38.8018
0.390509,0.0850904,37.9099
0.474133,-0.139333,4.19106
0.39032,-0.0300944,17.2809
-0.381557,0.0633163,10.2448
0.391866,-0.041826,15.1436
-0.502894,0.174179,1.32848
-0.888623,0.121101,58.2137
-0.456011,0.181381,4.70107
0.53722,0.091096,45.2606
-0.854385,0.0163364,57.8973
0.576189,0.106238,48.7827
-0.608166,-0.0898339,48.3374
0.91913,-0.187905,61.8298
0.797323,-0.159533,41.3892
0.320456,0.0113418,20.9484
0.98855,-0.0963007,81.004
0.572424,-0.00706628,33.9163
0.232169,0.0814662,30.0252
0.867549,-0.102834,55.5922
-0.493502,0.193813,2.81761
-0.594747,-0.0624003,44.4678
0.504815,-0.197492,2.16151
0.499471,-0.0888878,15.1712
-0.547773,-0.0646742,42.3073
0.330959,-0.0659334,6.02671
-0.667518,0.183133,20.0556
0.574188,-0.104834,19.6957
-0.354187,-0.0713015,33.9293
-0.529341,0.0487749,24.3254
-0.544338,-0.0876956,45.1443
-0.415799,0.164883,5.76902
-0.270834,0.0291876,9.57672
0.96699,-0.0815916,74.4332
0.91911,-0.00898269,66.5506
-0.267464,0.154593,16.1791
-0.608807,0.0479899,31.1148
-0.814352,-0.0592544,58.0191
0.369934,-0.126184,2.76839
0.489869,0.0316807,34.3904
-0.963061,0.0199271,74.1432
0.729123,-0.117875,35.5015
-0.394192,-0.073262,36.146
-0.847724,0.00812091,57.5437
-0.95467,0.0597509,71.855
-0.655523,0.180116,18.7993
0.24333,-0.13363,13.9266
0.946549,0.0607991,72.1126
-0.420153,-0.0561468,34.5778
-0.995913,0.103309,84.6934
-0.770148,0.173049,36.0853
0.509614,-0.170064,2.70802
-0.54599,-0.063519,42.062
-0.842891,0.197965,46.4909
0.907733,0.0513985,66.6267
-0.401624,-0.0789992,37.4274
0.572043,0.00253725,35.2417
0.944487,-0.114135,68.8528
-0.412641,0.183785,9.31174
0.549461,-0.113695,15.8502
-0.962909,0.191132,72.2033
-0.455442,0.190018,6.18215
0.782264,-0.0305809,49.2052
0.747176,-0.0978914,39.6565
0.609524,-0.0160759,35.4486
0.294165,0.0890846,34.2858
-0.767882,0.0442894,46.6442
-0.245831,0.10928,8.90053
-0.202341,-0.00347152,12.4276
0.701558,-0.121553,31.6855
-0.518642,0.11464,12.6585
0.783215,-0.126055,41.9203
-0.644378,0.00274757,39.784
0.81698,-0.0321008,52.8022
-0.756206,0.173999,33.8656
0.526952,-0.00528264,30.9817
-0.503126,0.0309168,25.1838
-0.87927,0.11806,56.7787
0.540765,-0.027559,28.5477
-0.453018,-0.00586397,27.9408
-0.556684,-0.00878533,35.0865
0.202422,-0.106885,11.3779
0.588314,-0.150434,14.4738
0.936505,-0.0487318,68.5039
-0.840072,-0.098127,62.0003
0.553445,0.0039513,34.1722
-0.362924,0.0682076,7.90322
0.451047,0.0949086,42.0534
0.641113,0.0424085,44.7886
0.64084,-0.0459716,34.2066
0.319538,0.0475244,27.9023
-0.836861,0.0434729,54.4283
-0.55379,-0.0804687,44.66
-0.26297,0.146351,14.9594
0.333131,-0.195556,18.3262
0.57358,-0.148069,13.1498
0.214691,0.0609402,25.1619
0.830506,0.113806,62.0786
0.756425,-0.0712476,43.13
-0.859292,0.0113849,58.6986
-0.254491,-0.0887727,32.4289
0.586618,-0.161902,12.6093
0.794556,-0.0276419,50.6891
0.656119,-0.100823,28.8501
-0.513549,0.157773,5.10502
-0.497408,-0.075451,41.3229
-0.209696,-0.00633706,13.4743
-0.664439,-0.103829,52.4008
0.62265,0.105438,50.6802
0.580869,-0.0222297,32.3992
-0.339982,-0.081097,34.964
-0.692825,0.0656354,36.8586
0.440467,-0.0876936,10.2973
-0.230065,-0.0429298,22.3112
-0.630387,-0.0262641,42.2408
-0.455035,0.10405,8.59674
0.259126,-0.140051,14.0366
0.941377,0.0621673,71.3372
0.555013,0.0138977,35.7081
0.652963,0.0735086,48.8275
0.416291,0.0364274,31.0419
-0.906022,-0.103699,67.8713
-0.550085,-0.0337728,38.2133
0.438301,0.0581081,35.8131
-0.992267,-0.0989022,83.0535
-0.442038,0.179503,5.77196
-0.933439,-0.136206,71.5929
0.777643,-0.196313,35.292
-0.379616,-0.105445,40.6723
0.69864,-0.159518,27.083
0.356846,-0.195278,16.2775
-0.420113,-0.0936804,40.5512
0.625541,-0.0787512,28.5225
0.71617,-0.0674445,39.0895
0.714503,-0.185535,26.4732
0.269492,0.0822974,31.9327
-0.723135,-0.117263,56.3096
0.203855,-0.0369021,3.69011
0.966033,-0.111722,73.891
0.687357,-0.0901305,33.5472
0.806793,-0.161399,42.7349
0.241145,0.0766854,29.5442
-0.834143,-0.0176591,57.4601
0.839501,-0.118622,50.5355
0.513598,-0.111743,12.6498
0.357888,-0.0143704,18.1725
-0.226428,-0.117998,36.4116
0.601626,-0.0469656,30.6329
-0.749166,0.172614,32.9327
0.703308,-0.0838757,35.9885
-0.474618,0.0370127,22.0336
0.456431,0.0931972,42.0342
0.34145,0.0431806,28.2352
-0.727516,0.0234802,44.4978
-0.875079,0.030231,59.811
0.801042,0.0048931,53.5359
0.429864,-0.0672638,13.1886
0.46992,0.0976919,43.2504
-0.912365,-0.0337413,66.7218
0.545104,-0.0876544,19.523
-0.483981,-0.0633402,38.909
0.768556,-0.0630825,45.1867
-0.346664,-0.00894678,22.0223
0.73222,0.0510966,51.4907
0.591799,0.0623449,44.3037
-0.766221,-0.0535283,54.0409
-0.344977,0.0346058,13.3166
-0.214234,0.0151054,9.09148
-0.840391,-0.0689274,60.6326
-0.39972,-0.0137498,26.0772
-0.421984,-0.0995443,41.5168
-0.33362,-0.124382,41.7927
0.611223,-0.105098,23.4702
-0.323096,0.0708296,4.46932
-0.572541,0.0912117,21.5776
0.774032,-0.0193714,49.231
-0.767462,0.0364246,47.2351
-0.719796,0.083108,37.895
-0.653869,0.0968646,29.1006
-0.836962,-0.0459223,59.1956
0.433771,-0.0963633,8.15131
-0.410584,0.180543,8.95328
-0.339646,0.0244073,15.0038
0.441353,-0.00575372,25.1751
0.41139,-0.0219022,20.2594
0.724952,-0.0395085,42.7373
0.763787,0.0799926,55.7797
-0.477399,-0.0180651,31.4829
-0.588871,0.179358,10.3587
-0.788568,0.0429588,48.9556
-0.953891,0.0138013,72.3237
0.434871,-0.122986,3.41126
0.231558,0.024637,18.607
0.855302,-0.0731037,55.2403
0.535162,-0.0118372,30.549
-0.208338,-0.117932,35.6256
-0.799922,0.110929,45.377
-0.834947,-0.138433,63.5267
0.294103,-0.0278058,11.3563
0.500889,-0.0671836,18.9596
0.980854,0.0345318,78.9315
-0.953058,0.156171,70.1213
-0.955211,-0.0271983,73.1201
-0.721891,-0.122157,56.6286
0.987423,0.170968,81.4539
-0.525122,-0.0786047,43.0646
-0.753345,0.0571162,44.0214
0.872982,0.129873,65.7717
0.990727,-0.12005,81.8741
0.397658,-0.0387742,16.1365
-0.837971,0.147669,48.6044
-0.689563,0.10174,32.478
0.427451,-0.150141,2.10608
0.484255,0.0430072,35.8359
0.567911,-0.0409798,28.6604
0.529701,-0.0205282,28.8121
0.957104,0.0212142,73.4002
0.707525,-0.108804,33.7946
0.733152,0.00389976,47.4862
0.515373,-0.114719,12.329
0.909733,-0.100902,62.5165
0.862531,-0.139943,53.0289
-0.579659,0.0194757,32.6959
-0.772635,0.0748982,44.6907
-0.582673,-0.102923,48.6763
-0.509279,-0.0562147,39.1489
-0.598248,0.0358148,31.8869
0.33502,0.0413429,27.5523
0.215523,0.109319,34.4085
-0.359821,0.0467886,11.9135
0.466318,-0.188061,4.75427
-0.353764,-0.0248189,25.4684
-0.248438,0.0642441,0.662984
-0.821584,0.196249,42.7799
0.788277,-0.119071,43.1698
-0.763373,0.0435495,46.2328
-0.496233,-0.0282962,34.233
0.335384,-0.125612,5.45991
-0.203196,0.0284145,5.50939
0.983596,0.137739,80.1952
0.63581,0.00261565,39.7876
0.839884,0.0200749,58.15
-0.905757,-0.00541803,65.0646
0.388372,-0.13215,2.32999
0.831639,-0.156915,47.0203
0.387867,-0.0424792,14.7345
0.360603,-0.177189,12.8487
0.607391,0.0186906,39.7924
-0.728657,0.115798,35.6507
0.736658,-0.0649941,41.5138
-0.254766,0.0615685,1.65434
-0.244253,-0.0709776,28.6019
-0.458094,-0.117899,45.5787
-0.242106,0.07723,2.51343
-0.806157,0.111988,46.1591
-0.919527,0.158719,62.7101
-0.302798,0.113672,5.6468
0.890831,-0.11868,58.6792
-0.539751,-0.0403391,38.5361
-0.327258,0.126874,6.34395
-0.789462,0.053775,48.2605
-0.451902,0.0800428,12.6341
0.345757,-0.0375198,12.7864
0.546124,0.0733606,43.3728
0.45517,0.0867427,41.0331
0.330757,-0.179028,15.6766
0.343339,-0.175467,14.0093
-0.992222,0.00559665,82.8208
0.478732,0.123401,47.0847
0.216856,0.10954,34.5068
0.876521,0.0306397,62.4018
0.510958,0.0965494,44.8304
-0.527,0.111682,13.953
-0.215526,-0.0357205,20.0443
0.666322,0.0878158,50.9579
0.913172,-0.0737893,63.8897
-0.764802,0.156161,36.757
0.89972,0.0307897,65.0609
0.234855,-0.0737314,2.26112
-0.990616,-0.0011579,82.1296
-0.673827,0.133538,26.8983
0.391964,0.00411573,23.8389
0.74455,-0.0778598,41.1919
-0.59055,0.0182357,33.6997
-0.882195,-0.0736546,64.57
-0.956758,0.116723,71.555
0.557838,-0.0218123,30.706
-0.863367,-0.122668,64.7766
0.665683,0.0927946,51.4073
-0.778701,-0.0951517,57.7342
-0.924363,-0.0422679,68.5189
0.327707,-0.0883863,1.26473
0.771896,-0.137511,39.3916
0.418477,-0.082079,9.53003
-0.955171,0.184724,70.2345
-0.877795,-0.135004,66.3212
0.385689,-0.110204,1.55393
-0.942747,-0.125113,72.5677
-0.524179,0.179396,2.81665
-0.75032,-0.0295642,51.0269
-0.997914,-0.149249,86.3676
-0.93246,-0.12237,71.2173
-0.610581,0.036907,32.7634
0.627357,-0.100963,25.7375
0.57152,-0.169698,9.6945
0.934367,-0.0284101,68.5352
-0.734057,0.112761,36.6265
0.988705,-0.155551,80.8835
0.318143,-0.0876173,0.7099
-0.466813,0.169907,1.70635
-0.389287,0.0665513,10.199
-0.928328,0.0899843,66.1344
0.399231,0.109889,42.1429
0.536112,-0.122742,13.0754
-0.809213,0.188574,41.1765
-0.901292,0.192664,57.9609
0.605497,-0.104173,23.0003
0.324478,-0.149977,10.9366
-0.830294,0.197,44.2745
0.247531,-0.174656,21.2898
0.591006,0.0252736,39.5734
0.684975,-0.166053,24.4823
-0.430811,-0.00992005,27.2678
-0.451689,0.0377689,20.2083
0.315927,-0.0518035,7.84891
-0.645592,0.0539694,33.6387
0.223812,0.0640755,26.2456
-0.667634,0.145804,24.6411
0.286463,0.0925463,34.5533
-0.854021,-0.0715826,61.908
0.699471,0.123715,55.7399
0.701367,-0.0636898,37.9411
0.20281,0.074373,27.2381
0.480026,0.0499427,36.6781
-0.754476,-0.0476331,52.7587
-0.670474,-0.039673,46.3468
0.717489,0.126349,56.7512
0.598425,-0.0688457,27.2905
-0.312205,-0.0480183,27.6156
-0.491867,-0.0639827,39.3966
-0.873043,0.0926111,56.8861
-0.398963,0.148886,4.46147
0.452894,-0.175893,4.09708
-0.453408,0.0357449,20.6942
-0.380151,-0.0786588,36.3887
0.910476,0.111899,68.5439
0.375087,-0.159507,8.46499
0.99567,0.19161,84.8655
0.676675,-0.105999,30.5159
-0.23002,0.139949,16.0882
0.360704,-0.105752,0.384624
0.950717,-0.0630193,70.9837
-0.734032,-0.102661,55.7331
0.928797,-0.0859735,66.3127
0.434756,-0.0205451,22.0975
0.972537,0.103233,77.3066
0.500292,-0.0422047,23.0988
-0.289112,-0.115454,38.5924
0.890492,0.13988,67.4892
0.72704,-0.0370939,43.1695
0.327092,0.0706799,32.5325
0.373077,-0.0533299,11.5698
0.361771,0.119651,42.1513
0.855675,-0.0798239,54.9573
-0.645555,0.0239461,37.3309
0.304529,-0.159121,14.2028
0.613326,-0.125643,20.8396
-0.518889,0.152712,6.48376
-0.915805,-0.109526,69.0468
0.377325,-0.0964866,3.49585
0.558846,-0.156235,10.2677
-0.757678,-0.000166439,49.2601
-0.284871,0.166809,17.1203
-0.791897,0.0335464,49.9927
-0.265666,0.0292969,9.22468
-0.276,0.000414241,15.934
-0.589168,-0.0663471,44.6537
0.359253,-0.17079,11.839
0.900773,-0.172941,58.5398
-0.797044,0.166828,40.7921
-0.87179,0.116086,55.6542
-0.551908,0.187407,4.75051
0.919231,-0.128192,63.4742
-0.928711,0.15409,64.7173
-0.342675,-0.0160791,23.1674
0.404489,-0.16613,7.02542
0.521827,-0.169054,4.1869
-0.460974,0.135223,3.64273
-0.650233,-0.0418559,45.2933
0.37029,-0.149649,7.09337
-0.740317,-0.1265,57.814
0.307558,-0.0606669,5.44742
0.252053,-0.176756,21.3374
-0.818393,-0.093635,60.2238
0.9193,0.10222,69.2605
-0.427179,0.19611,9.98298
0.346169,-0.182331,14.9722
0.737428,0.0822598,54.3431
-0.981208,0.0797942,78.4371
-0.733943,0.116159,36.2791
-0.478062,-0.0834139,41.5699
-0.503339,0.187988,0.828148
0.322719,-0.104912,2.40466
-0.284513,-0.095761,35.0332
-0.613136,0.0301905,33.8707
0.258954,-0.0521174,3.93996
0.851999,0.0463852,60.5921
-0.397,0.138966,2.83653
0.532906,0.0909978,45.0567
-0.230993,-0.117147,36.4579
-0.574701,0.035579,30.0015
0.857415,-0.00728788,58.6721
-0.422422,0.0183066,21.6666
0.521042,-0.0713445,19.9839
-0.928505,-0.12352,70.7726
0.285756,-0.118253,7.82507
0.245232,-0.109572,9.00188
0.204686,0.00297712,12.4567
-0.447553,-0.106774,43.6184
0.467718,0.0138063,30.1928
0.727831,-0.159199,31.1516
-0.592818,0.126306,18.483
0.543823,-0.0176261,30.2924
0.381294,-0.033053,16.0933
-0.778577,-0.107137,58.4987
0.786254,-0.0655116,47.018
0.814962,0.0429847,57.1297
0.829576,0.0513214,58.8315
0.30958,-0.00382368,17.2576
-0.406592,-0.0694433,36.1035
-0.24733,0.0782713,2.37829
-0.299653,-0.0794353,32.8135
0.696866,-0.0246725,41.6273
-0.556431,0.100854,18.5404
0.640077,-0.198785,14.3206
0.657287,-0.114046,27.3298
-0.812443,0.0903772,48.4908
0.831399,0.0412908,58.4597
-0.564435,0.0465275,27.5505
0.704029,-0.155677,28.2406
0.333073,-0.101938,1.02594
0.680546,-0.133998,27.6726
-0.551529,-0.120342,49.4329
0.395701,-0.0588864,12.1529
0.387346,0.112858,42.1188
0.409819,-0.0802167,9.18632
-0.805833,0.145431,43.7345
-0.960413,0.0335072,73.4148
0.364939,-0.0920516,3.37891
-0.237923,0.167324,20.657
-0.82552,0.0989514,49.7007
0.502784,-0.193931,1.82678
-0.900038,-0.0655009,66.1503
0.713503,-0.0878779,36.6992
-0.413414,-0.0514293,33.4459
0.715481,-0.193972,25.7164
0.782255,-0.173042,37.9713
-0.294822,-0.0593368,28.873
-0.776335,-0.101974,58.0358
-0.374852,-0.0828503,36.8421
0.909692,0.0263631,66.1772
0.273695,-0.0367587,8.16107
-0.636366,-0.0394442,44.1582
-0.656807,-0.123964,53.9503
0.408171,0.108251,42.2551
-0.387534,0.0594912,11.4295
-0.889885,-0.0545203,64.7009
-0.746072,-0.0768545,54.4453
-0.823489,0.131687,47.3363
0.833824,0.0123803,57.1461
0.210292,0.131618,38.0675
-0.585276,0.133553,16.5996
-0.242286,0.100354,7.3232
-0.763076,-0.0782627,55.6117
-0.569177,0.146462,12.8993
0.750386,-0.176829,32.7188
-0.433438,-0.0421247,32.9396
-0.572631,0.0573764,26.6339
0.577923,0.0262029,38.8709
0.358209,0.0621814,32.5279
-0.953695,-0.156209,74.521
0.772577,-0.0551149,46.2784
-0.863825,-0.10321,64.0481
-0.618433,0.166428,15.811
0.941995,0.0588913,71.3752
-0.951906,-0.00688096,72.2338
0.690447,0.0427917,47.9624
0.64944,-0.192523,16.404
-0.314637,-0.11059,38.8364
-0.632615,-0.00257438,39.5486
0.237009,0.0063695,15.0645
-0.590616,0.0198183,33.4864
-0.60148,0.171519,13.0155
-0.631684,0.13378,21.8251
-0.430915,0.016795,22.5131
0.505527,0.0485137,37.8227
0.976652,0.0028576,77.5923
0.965138,-0.0389344,74.4116
-0.814994,-0.101815,60.4333
-0.287016,-0.0440404,25.5364
0.307724,-0.103112,3.17662
-0.455295,0.0357236,20.8356
0.65727,-0.19864,16.7168
0.439699,-0.166843,3.8531
-0.476908,-0.0550533,37.2992
0.776579,0.073108,56.1351
-0.775068,0.0319367,48.3656
-0.858244,-0.0301834,60.4674
-0.393273,-0.110024,41.9256
-0.457536,-0.0954135,42.4024
-0.553283,0.198422,3.26679
0.348216,0.116628,41.1553
0.896785,-0.0484013,62.1163
0.929201,-0.164717,64.5708
-0.642932,-0.124313,53.4191
0.993426,0.00246559,83.4146
-0.325902,-0.0681177,32.0158
0.241763,0.0938566,32.7794
-0.376741,0.0764183,7.33512
0.996188,-0.175416,84.8063
0.402176,0.0310269,29.3182
0.622585,0.0836314,48.3445
0.300832,-0.0582509,5.48006
0.332741,-0.144858,9.3196
-0.313619,0.104425,2.99666
0.775931,0.127761,59.6561
-0.574516,-0.0793397,45.5084
-0.772089,-0.0820677,56.4504
0.755454,0.0299338,51.4519
-0.315602,0.133638,8.55479
-0.549516,0.0105657,31.7648
-0.962886,0.0504711,73.7728
-0.793787,-0.0898741,58.3536
-0.766036,-0.126407,59.064
-0.257855,0.134992,13.1519
0.696076,-0.0166367,42.3941
0.703085,-0.0586204,38.6526
0.812923,0.0647319,58.2215
-0.730507,-0.012269,48.0144
-0.246215,0.0194069,10.1146
-0.66169,-0.117545,53.5615
-0.876116,-0.091591,64.6462
0.49851,0.0299807,34.6271
0.602331,-0.181971,11.6519
-0.437137,-0.118484,44.8636
-0.571712,-0.0917231,46.8804
-0.947877,0.130396,69.3174
0.882565,0.0985526,65.4692
0.83769,-0.0113213,56.2763
0.587795,-0.0286745,32.0336
0.667714,-0.16679,22.0821
0.281039,-0.0649741,2.71892
0.694992,-0.0501954,38.7504
-0.495708,0.0723551,17.6487
-0.709493,0.153625,29.2048
0.547045,-0.115446,15.3327
0.934433,-0.0694717,67.7089
0.617992,0.120074,51.998
-0.451145,0.0833562,11.9744
0.224851,-0.0799878,4.25678
-0.265302,-0.123563,38.9674
0.88099,-0.127748,56.6605
0.418765,-0.162449,5.06973
0.593662,-0.072463,26.3339
0.34256,-0.146823,8.88857
-0.304139,0.00122657,17.4553
0.958619,-0.13981,71.704
-0.399474,0.193086,12.1045
0.896303,0.0848406,66.3392
0.637633,-0.184826,15.8086
-0.551106,-0.0237976,36.8695
-0.926109,-0.00404939,67.9064
0.440029,0.0274458,30.8379
-0.82333,0.0907154,49.9167
-0.575093,0.119969,17.5197
0.806362,-0.150286,43.4667
0.631459,-0.0277116,35.6991
-0.94035,0.1073,68.1129
0.882168,-0.060105,59.5755
0.743466,-0.0423451,44.3004
-0.331208,0.160608,12.3488
-0.419686,-0.0558991,34.5131
0.55512,-0.102813,18.1084
0.492224,0.0518612,37.6135
-0.632876,-0.0227406,41.9886
0.87818,0.13891,66.4843
0.9179,0.0813238,68.6065
-0.427242,0.108575,5.35824
0.344341,-0.126806,4.97397
0.596141,-0.0275217,32.8578
-0.223792,0.0795336,4.23128
-0.530642,0.149104,8.30387
-0.94301,0.0815293,69.1225
0.756733,-0.0502806,44.972
0.372486,0.127516,43.7369
0.303337,0.130171,41.5317
0.757368,-0.102343,40.5101
-0.880096,-0.110854,65.6763
0.910057,-0.190815,59.8294
-0.322451,0.122499,5.87435
0.515136,-0.153663,5.93595
-0.756485,0.0564417,44.4176
-0.303349,-0.102964,37.0922
-0.319848,-0.0331423,25.1772
-0.635698,0.0462519,33.7122
-0.404174,0.00505022,22.9061
-0.722952,-0.00844033,47.0651
0.560189,0.0576041,42.0185
0.669549,0.109997,53.2106
0.396775,0.0696843,35.6757
-0.286865,0.00420937,15.8003
-0.523984,0.0375729,25.6893
-0.704053,-0.0991374,53.899
-0.684355,-0.0430359,47.589
0.317916,-0.157185,12.7921
0.760231,0.123282,58.5641
-0.841326,-0.0060695,57.5766
-0.789021,-0.0162433,53.2067
0.787014,-0.100081,44.471
-0.970418,-0.00842235,76.0782
-0.820819,0.162681,44.8924
0.582736,0.103744,48.773
0.57926,0.028506,39.2615
-0.898189,0.076298,61.3891
-0.591363,-0.0701628,45.2298
0.848179,-0.108522,52.3909
-0.423574,0.184387,8.37834
-0.463069,0.0771176,14.0837
-0.77581,0.0407418,47.7596
-0.248949,-0.117124,37.211
0.234009,-0.166441,20.7727
0.672374,-0.0622779,35.1915
-0.386563,-0.118361,42.9135
0.270909,0.0715441,30.0006
-0.747592,0.099434,39.565
0.226955,-0.036285,5.27335
0.311709,-0.0869577,0.370247
-0.915702,0.0301048,65.4912
-0.288172,0.0402436,8.375
0.464228,-0.0816071,13.3838
-0.74353,0.151234,34.1516
0.208964,-0.0658432,2.28069
-0.699175,0.118728,31.7063
0.256632,-0.0663721,0.762552
-0.815899,0.14255,45.4679
0.741384,0.0952726,55.57
-0.543767,0.0062681,31.9993
-0.9986,0.0245186,86.9489
-0.561314,0.131845,14.2634
0.250546,0.121144,37.9602
-0.204424,-0.0888917,30.1264
0.27731,0.0670592,29.4663
0.864554,-0.135394,53.5841
-0.54204,0.0375129,27.1102
0.342271,-0.0863771,2.75793
-0.278853,-0.127395,40.1362
0.243595,0.0460496,23.6574
0.419991,-0.126672,1.42301
0.534484,-0.0129084,30.3366
-0.855503,-0.0196849,59.7108
-0.236013,0.025276,8.22147
0.736954,-0.110931,37.1661
-0.428105,0.00287263,24.8307
-0.848352,-0.0418797,60.0397
0.318282,-0.138357,9.24483
0.604924,-0.00815322,36.1447
0.556439,-0.102,18.3638
-0.515728,0.146841,7.1032
-0.834342,0.0868104,51.641
0.872322,0.0178048,61.4349
0.226477,0.0702024,27.5822
0.666846,-0.180597,20.2739
0.982795,0.0160926,79.4121
-0.321505,-0.0399539,26.5716
-0.758486,0.102586,40.6286
0.677359,0.0122198,43.9349
0.57416,0.024981,38.4707
-0.882497,-0.0375934,63.312
-0.495445,0.190902,2.14599
-0.722794,0.0916059,37.3765
-0.389359,-0.100916,40.3696
-0.500181,-0.0246868,33.906
-0.913138,-0.0367445,66.9006
0.356725,0.109857,40.433
-0.458553,-0.0794852,40.106
-0.930789,0.178663,64.5909
0.9115,-0.0480919,64.348
-0.415794,-0.0370376,31.1198
-0.326406,0.0017952,18.6907
0.480241,-0.129097,6.53064
0.517512,-0.130018,10.027
-0.981766,-0.10396,79.5358
-0.459621,-0.0409785,34.1705
0.69318,0.0125083,45.1453
-0.91336,0.0546932,64.4558
0.509798,-0.0150397,28.2497
-0.937213,-0.149099,72.2693
-0.714112,-0.0981039,54.3283
0.94826,0.0682251,72.4964
0.325616,-0.166608,13.8883
0.404794,0.0543848,33.5044
0.400353,-0.111698,2.49271
-0.790817,0.0257816,50.434
-0.349993,0.00338564,19.8237
0.657766,0.0940535,51.1425
0.237065,-0.0962932,6.84523
-0.960131,-0.153751,75.4659
-0.421484,-0.0048649,25.7972
-0.627901,0.167862,16.7996
-0.476683,0.0401355,21.6493
-0.524944,-0.0727228,42.2583
-0.504614,0.147468,5.8569
-0.778268,-0.0760181,56.4441
-0.254936,-0.122243,38.3255
0.28082,0.0548903,27.3206
0.848987,-0.0813717,53.9484
-0.823879,-0.103535,61.1195
0.490301,-0.198043,3.83277
0.631482,0.00711848,40.0189
0.551022,0.0537426,41.0124
-0.470619,0.0920069,12.0944
-0.634288,0.0244265,36.3449
0.887366,-0.155895,56.6375
-0.87576,-0.0433638,62.8094
0.272514,-0.0703628,1.00591
-0.662165,0.18648,18.9076
0.712624,-0.0041283,45.0394
0.703521,0.0511356,49.6042
-0.382278,-0.0504596,31.6765
-0.571313,-0.110047,49.02
0.217253,-0.135819,16.1706
-0.342992,0.0670919,6.66235
-0.763693,0.104013,41.1601
0.257037,-0.129611,12.1614
-0.605116,-0.0537469,43.9895
0.520255,-0.0541026,22.7279
0.289635,0.000214428,16.8786
0.328934,0.0339304,25.823
-0.24712,0.0704753,0.7471
-0.97283,-0.0554214,77.0133
-0.701462,0.188394,24.248
0.916282,0.154181,70.1467
-0.294534,-0.0997211,36.1598
-0.452299,0.136757,2.55963
-0.695167,0.173752,24.9972
0.963492,-0.158015,72.7349
-0.292695,-0.117146,39.0183
-0.985602,0.0265425,80.142
-0.267136,0.165455,18.2043
-0.428474,0.190911,8.99776
-0.648703,0.0856181,29.9695
-0.952937,-0.122992,73.9842
-0.465087,-0.0130309,29.9022
-0.384079,-0.0907412,38.5367
0.789316,0.106694,59.1006
-0.286384,-0.0535837,27.3521
-0.687384,0.190934,21.9201
-0.520664,0.173946,3.28609
0.233197,-0.00223284,13.0066
-0.235456,0.0826228,4.09994
0.812858,0.134891,62.0562
0.281918,-0.0344338,9.18393
0.963131,-0.040451,73.9374
-0.428951,-0.00101969,25.5788
-0.659084,0.0426889,36.2467
-0.739462,-0.119737,57.2842
0.668176,-0.185447,19.8638
0.32973,0.0671312,32.0229
0.515657,-0.0274029,26.6875
0.613741,-0.103535,23.9517
-0.484414,0.00555568,28.0521
-0.986791,0.00711671,80.6325
-0.57594,0.0673656,25.4494
0.407307,-0.0664986,11.5813
-0.485302,-0.0652732,39.2616
0.554021,-0.0549809,25.3988
-0.571268,0.0381589,29.3483
0.312254,-0.103772,2.96912
0.896659,-0.143001,58.8139
0.848459,0.0118437,58.6073
0.326957,-0.104576,2.01511
0.321041,-0.18705,17.8633
0.67046,-0.0627801,34.9448
0.425297,0.038139,31.8274
-0.965036,0.140735,73.331
-0.45707,-0.102377,43.3798
0.8729,-0.126023,55.3901
0.333641,0.121817,41.3946
-0.251136,-0.0382875,22.4883
0.730638,-0.108968,36.5762
0.729958,-0.133023,34.0914
0.377345,0.0850164,37.3107
0.331775,-0.0569674,7.89995
0.703468,-0.0639994,38.1236
-0.281374,-0.00483429,17.3387
-0.771113,0.0626791,45.5069
-0.556169,-0.0912315,46.1219
0.905588,-0.142185,60.4872
-0.89055,0.170837,56.646
0.741541,-0.132907,35.6394
-0.822678,0.0346706,53.2828
0.936569,-0.0659393,68.1756
0.919374,0.0210456,67.3336
-0.616133,0.120153,21.9118
-0.357923,0.166902,11.2615
0.990455,-0.0361287,81.9674
0.870773,0.0794445,63.7117
0.988299,-0.104515,80.8757
0.908442,0.0703203,67.2283
-0.488399,0.101552,12.0172
0.234775,0.0168406,17.1507
-0.523396,0.0523474,23.2688
-0.495359,0.0570665,20.2127
-0.692224,0.181418,23.7084
-0.69937,0.0266449,41.6441
0.510105,0.103993,45.7739
0.660115,-0.0225773,38.7042
0.850553,-0.103633,53.0021
0.202267,0.0367206,19.5371
0.464004,-0.11297,7.81783
-0.4071,0.16978,7.42314
0.96362,-0.0836256,73.5844
-0.330205,-0.0875992,35.6412
-0.835524,0.17753,46.4044
0.971008,0.121921,77.1292
-0.54006,0.19934,1.56454
0.301757,-0.136076,10.0922
-0.522442,0.107492,14.1957
-0.592247,0.0680713,26.8305
0.307123,-0.125714,7.68084
-0.459376,0.0833826,12.6595
-0.653576,0.0243005,37.9551
0.358852,0.0145691,23.8196
0.476511,0.0608613,38.1632
0.248328,-0.0141068,11.3774
-0.342056,0.0335582,13.33
-0.908509,0.0538554,63.7147
-0.351486,-0.114727,40.9877
0.687497,-0.0117015,42.1904
-0.494579,-0.0901912,43.2611
-0.781263,0.129403,41.3791
-0.607379,-0.0484751,43.4822
-0.978999,0.0248954,78.0707
-0.245218,0.0815728,3.21604
-0.203236,-0.13021,37.5354
-0.400075,0.0247533,18.9595
0.890819,0.0599778,64.9815
0.784101,0.0844945,57.3849
0.426721,0.0728602,37.6077
0.604468,-0.143263,17.3631
0.850687,0.0675969,61.4416
0.625599,0.0770086,47.769
0.709034,-0.0488299,40.2615
-0.937149,0.178347,66.0187
0.53669,-0.0067325,31.4348
0.556501,-0.0777988,22.1099
0.757651,-0.0674791,43.5947
-0.505851,-0.0742909,41.5591
-0.289,-0.0235889,21.5932
0.81634,0.0699052,58.7757
0.992863,-0.0284753,83.0804
-0.601771,0.152948,15.6772
0.597883,-0.0979353,23.1027
-0.599024,-0.0348249,41.2983
0.577734,-0.162004,11.5564
0.55705,0.0666439,43.0389
0.414964,0.0172033,27.6016
0.285878,0.0839328,32.9881
-0.994832,-0.0534288,84.2293
0.492359,0.123065,47.5451
0.813351,-0.150097,44.5594
0.443841,-0.157138,1.78737
0.826191,0.0661101,59.3361
-0.513013,0.127369,10.0129
-0.960578,-0.136363,75.3512
-0.735667,0.00601173,46.8181
-0.318336,0.187449,18.1504
-0.365651,0.199074,16.1495
-0.437154,0.107748,6.3668
0.643428,-0.0106323,38.7683
0.95929,0.0830425,74.5393
0.671364,-0.0473053,36.8306
0.783072,-0.0631115,46.8324
-0.206871,0.0640937,2.03895
0.939204,0.0260771,70.3703
-0.293184,0.147973,13.0074
-0.409214,0.0926353,6.80122
-0.64139,-0.00333609,40.284
0.641151,0.109005,51.853
-0.351625,-0.0413633,28.4373
0.624052,0.0559094,45.3137
-0.592037,0.182961,10.2324
-0.355044,-0.0420291,28.7411
0.3708,0.00121238,21.9933
0.776535,-0.0123983,50.0023
0.879879,-0.0935463,57.8918
-0.258918,0.00937326,13.0277
-0.637604,0.192516,14.8
-0.203189,0.149561,19.7632
-0.401184,-0.0622301,34.6459
0.371812,-0.0921288,3.90163
-0.960202,0.0297748,73.4131
-0.958558,-0.00494652,73.4851
-0.881973,-0.00664905,62.1116
0.969504,0.170047,77.2219
0.579726,-0.0552951,27.5558
-0.442659,-0.0811097,39.6269
0.962126,-0.0143578,74.0011
-0.84551,0.122361,51.2344
-0.207051,0.105231,10.7283
-0.34905,0.17374,13.2257
0.625271,-0.010181,37.4189
-0.746001,0.187573,31.0247
0.331198,-0.101629,1.10841
0.231319,-0.16966,21.5438
0.781903,-0.184539,36.9696
-0.938543,0.0429258,68.9829
-0.851434,0.140812,51.165
0.369857,0.0144609,24.444
-0.381466,-0.128425,44.2027
-0.86855,-0.0960638,64.158
0.851726,0.0447331,60.4904
-0.912055,0.111527,62.6122
0.702152,0.0422641,48.6868
-0.703891,0.0887064,35.5343
-0.210764,0.0282769,6.00594
0.920491,0.00860777,67.1873
-0.397465,-0.0321155,29.2491
-0.707294,-0.118083,55.6316
0.57159,-0.119599,17.2082
-0.699613,0.12279,31.3096
-0.557316,-0.0216665,36.956
0.578343,-0.171651,10.2098
-0.91476,0.05303,64.7256
0.415274,-0.0561855,14.1303
-0.458228,-0.0814701,40.3875
-0.492351,-0.0618733,39.1104
0.480738,-0.158481,1.60509
-0.245326,0.119467,10.9883
0.351883,-0.0880954,3.1471
-0.685832,0.185972,22.2754
0.240163,-0.00646917,12.5151
0.610152,-0.00197574,37.3371
0.875849,0.0434383,62.8216
0.239268,-0.11602,10.7224
0.57126,-0.193071,6.22443
-0.669586,-0.0569571,48.0705
-0.520623,-0.0110505,33.0695
0.997176,-0.0416214,85.6502
-0.779097,0.101623,43.3266
-0.984257,-0.163778,80.4897
-0.884232,-0.0663898,64.5174
0.95331,0.130474,74.1373
0.565909,-0.0227983,31.1722
0.797292,-0.0472078,49.6118
0.406568,-0.00864352,22.3962
-0.384937,0.0264538,17.6115
0.994462,-0.16379,83.712
0.299477,0.0386022,25.1361
0.747177,0.0719556,54.1392
0.527247,-0.0230642,28.2349
-0.992702,-0.120658,83.2873
0.631658,-0.124031,23.1234
0.270852,0.0753518,30.7108
-0.214626,0.112992,11.8059
-0.342825,0.022868,15.519
-0.787137,0.18158,38.0557
0.942744,0.107024,72.2772
0.846974,-0.000946566,57.8195
-0.744603,-0.082942,54.8207
0.79684,0.136071,61.2425
-0.373995,0.16883,10.2199
0.460658,-0.153298,0.493357
-0.640433,-0.0172613,41.8581
-0.897059,-0.10597,67.0496
0.93177,-0.198228,64.3624
0.321906,0.0481864,28.1495
-0.877443,-0.0068772,61.5853
-0.796287,0.0926471,46.2287
0.926351,0.0979251,69.9903
0.574883,-0.0151188,32.9539
0.817538,0.00670864,55.2248
-0.327732,0.130912,7.0814
-0.916934,0.00674986,66.2873
0.756902,-0.0672492,43.5308
0.929895,-0.0583257,67.1303
0.358865,0.0549981,31.2865
-0.725117,0.187948,27.8005
0.877743,-0.170964,54.2486
0.784167,0.0900525,57.7458
0.247692,0.0421723,23.0911
-0.928934,0.00444966,68.1513
0.859852,0.142725,65.3073
0.874486,0.0257766,61.9908
-0.348436,-0.0499696,29.8481
0.259408,-0.163813,18.4728
-0.59313,0.100294,22.2812
0.608984,-0.119038,21.2826
0.470714,-0.066421,16.6021
0.796599,-0.0232657,51.2049
0.428121,0.0119561,27.4618
0.955589,-0.0766029,71.8249
-0.941495,-0.0297641,70.8006
0.492738,0.0506729,37.4619
0.478314,-0.142371,4.07963
0.849255,-0.0743088,54.3542
0.645349,0.120981,53.1988
-0.649408,-0.0229546,43.1299
0.270537,-0.0563558,3.81445
0.778402,0.0725818,56.2225
0.576208,-0.198228,6.08432
0.976967,0.114202,78.3796
0.938112,0.0352702,70.3667
-0.671114,0.130909,26.8839
-0.598738,0.0935869,23.8097
-0.710727,-0.0641854,51.2365
-0.655928,-0.00799562,41.8935
0.648804,0.0977414,51.0795
-0.857862,0.183736,50.0043
0.726757,-0.166599,30.242
0.998771,0.0575312,87.1677
0.258505,0.0695831,29.0287
0.383693,-0.162392,8.22861
0.964608,-0.0221122,74.4631
0.50086,0.0630817,39.7144
-0.703609,0.0968102,34.6291
-0.571725,0.135212,14.8717
0.338222,0.0360171,26.7224
0.952409,0.133263,74.0393
0.302475,-0.176888,17.5664
0.594043,-0.0577586,28.4599
-0.813214,0.101266,47.8644
0.815943,-0.0845763,49.3322
0.5849,0.0518576,42.6236
-0.935929,-0.0289146,69.9127
0.769893,0.0483021,53.9283
-0.362892,0.0132171,18.7183
-0.852324,0.0257143,57.2011
0.841947,-0.136796,49.8695
0.355946,0.0263411,25.8776
0.258152,-0.173808,20.3701
0.563753,0.0401354,39.8887
0.856248,-0.0143176,58.2092
-0.330809,0.0382696,11.6237
0.523903,0.0477974,38.714
-0.484795,0.0971632,12.4473
-0.237095,0.0376318,5.62448
0.327426,-0.0736162,4.21778
0.387979,-0.0618833,11.0009
0.723541,-0.0198086,44.4828
-0.805217,-0.0796099,58.5156
0.562396,-0.0331545,29.376
-0.205974,-0.0569855,23.9198
-0.392986,0.103623,3.40002
0.348015,-0.0991446,0.675754
-0.910123,0.167187,60.5751
0.361555,-0.0103404,19.1924
0.538493,-0.147178,9.4451
-0.642226,-0.0976249,50.7598
-0.751001,0.0305858,46.0781
-0.719606,0.186358,27.1419
-0.273261,0.0346466,8.57903
0.860402,-0.0354861,57.7183
0.358018,-0.137093,5.80341
-0.584534,-0.0435912,41.5496
0.488406,0.0584105,38.3967
0.577369,0.0300891,39.3555
0.320519,0.00508799,19.7091
0.339532,-0.166179,12.6734
-0.541182,-0.060535,41.4119
0.959229,-0.171758,71.4531
-0.507326,0.106265,12.966
-0.260776,0.120191,10.0324
-0.823024,0.122602,47.8508
-0.635868,-0.0531535,45.6802
-0.469449,0.0473031,19.8549
-0.38832,0.00908235,21.1402
0.673292,0.119125,54.2046
0.801366,-0.0547252,49.5506
-0.498742,0.158137,3.50003
0.507388,-0.0514234,22.1255
-0.840185,0.0305725,55.5251
-0.840456,0.164438,48.0268
0.393618,-0.060904,11.6106
0.909088,0.0149488,65.7806
0.255086,0.126658,39.0666
0.855318,0.135642,64.7183
-0.295376,-0.0790874,32.5517
-0.577007,0.0872995,22.5927
0.70966,-0.0849208,36.5786
0.910699,-0.0975865,62.7826
-0.65334,-0.000445593,40.836
0.996192,-0.174612,84.81
0.842115,-0.0841613,52.8522
-0.880165,0.10943,57.2828
0.214254,-0.0561434,0.157402
0.802453,-0.173806,41.1337
0.200201,-0.0516948,0.22554
0.640893,0.0381328,44.2923
-0.793395,-0.0251127,54.1856
-0.670635,0.123927,27.6703
-0.739537,0.190697,29.7217
0.940317,-0.110116,68.0528
-0.876357,0.0312421,59.9352
-0.260886,-0.0292676,21.1837
-0.428862,0.00130719,25.1586
-0.53161,-0.0181956,34.8419
0.630557,0.0179535,41.2614
0.473824,0.0855962,41.6943
-0.355442,-0.0538988,30.9166
0.540382,-0.128663,12.5691
-0.837462,-0.133094,63.4387
0.648134,-0.0161153,38.4842
-0.464467,0.0938757,11.2299
-0.769381,-0.133126,59.6632
-0.809242,-0.0327853,56.0352
-0.897727,0.0882943,60.908
-0.53433,0.046622,25.0708
0.285637,-0.0296676,10.4234
0.380299,-0.176238,10.9644
0.734924,0.0202891,49.0648
0.448381,0.00858456,28.118
0.95095,0.150916,74.0634
-0.953319,0.186877,69.7324
-0.616155,0.0520043,31.2202
0.52738,0.037626,37.4406
-0.851511,0.117726,52.4033
-0.908292,0.13949,61.0784
-0.418825,-0.102814,41.8755
0.675085,-0.185187,20.8553
0.848634,-0.0747468,54.2472
0.701402,0.0311025,47.5747
-0.598461,0.0146929,34.7859
-0.954694,-0.0194427,72.9226
-0.973074,-0.0730451,77.2008
-0.816613,0.179353,43.0724
-0.99421,0.0178945,83.7888
-0.341382,-0.125035,42.1911
0.621529,0.0218354,41.1229
0.551085,-0.197674,3.11597
0.547351,0.0635975,42.1422
0.371437,-0.0625195,9.65061
0.888914,0.111309,66.4607
-0.25495,0.0783012,1.86412
0.505601,-0.12837,9.11449
0.350664,-0.0568676,9.2607
0.323752,-0.0119648,16.4865
0.256164,-0.0907358,4.3726
0.613394,0.00823067,38.8761
0.818223,-0.00961881,54.313
-0.724102,0.185367,27.9158
-0.380231,0.0460971,13.4926
0.959496,-0.00622164,73.5417
-0.421032,-0.0306924,30.3153
-0.451163,0.0547059,17.1361
0.308944,0.126318,41.1419
-0.92784,0.00323701,68.0079
-0.985076,-0.149909,80.6674
0.894305,-0.151049,58.0924
0.981208,0.0999973,79.3654
-0.616205,-0.0699967,46.4975
-0.784912,0.0103537,50.9542
-0.919182,-0.135002,69.9974
0.517777,-0.18998,0.450497
0.722333,-0.0560973,40.8645
-0.701797,-0.0557558,49.9216
0.556172,-0.0679571,23.5945
-0.430506,0.12994,1.76952
-0.924964,0.125514,64.6494
-0.270383,0.132526,11.7602
0.326131,-0.197945,19.3044
-0.257612,-0.100278,34.646
0.909036,0.091342,67.8572
0.960609,0.0156231,74.021
0.428046,0.00724,26.6257
-0.204706,0.0580647,0.873116
-0.699011,0.123884,31.1141
0.881701,-0.0194915,61.0881
-0.233462,0.159997,19.6312
0.707107,-0.127596,31.7155
0.354634,-0.161353,10.5449
0.298236,0.0551934,28.261
-0.5057,0.03541,24.6379
0.297038,0.0124388,19.8055
-0.916857,-0.0580242,67.9131
-0.676678,-0.000585823,42.6377
-0.383867,0.0666263,9.77595
-0.845597,-0.112845,63.0734
-0.198302,0.0266048,5.60619
-0.239483,0.101135,7.67798
-0.871059,-0.103902,64.6661
0.222655,0.0017338,13.2369
-0.334111,0.193088,17.827
0.768972,-0.115905,40.8254
-0.993518,0.100086,83.2848
-0.229216,0.15859,19.6686
-0.304735,-0.0531326,28.2005
0.829022,0.0310531,57.6959
0.390334,0.047229,31.5285
0.599259,0.0199746,39.4195
0.571885,-0.184955,7.4874
0.805636,0.121777,60.9384
-0.895029,-0.0244747,64.2957
0.248467,-0.0238257,9.30815
-0.432169,0.0398074,18.4158
-0.479428,-0.0718807,39.9526
-0.661156,0.199558,17.1489
0.556178,-0.148019,11.2284
0.456456,-0.195476,6.96928
-0.903682,-0.146373,68.797
-0.251759,0.0985893,6.30093
0.50676,0.122373,47.9923
0.883264,0.0262829,62.9862
0.718177,0.0830498,53.2974
0.585593,-0.128534,17.3713
-0.779835,0.193184,35.9155
0.640797,0.10189,51.1252
-0.282219,0.177134,19.171
-0.44558,0.16073,2.23942
-0.784085,0.178111,37.8467
-0.322572,-0.0364621,25.9623
-0.225232,-0.08559,30.4787
0.974301,-0.148544,75.8634
-0.425793,0.0324608,19.3058
0.650357,-0.0778458,31.1158
0.540217,-0.147948,9.5087
-0.431558,0.0280198,20.5229
-0.545006,0.0744919,21.5859
0.349308,0.051126,30.1032
-0.469766,0.156502,0.841783
-0.422094,-0.115089,43.8052
0.412474,-0.197057,11.5489
0.448968,0.0227378,30.5611
0.373126,-0.138795,4.85666
-0.836087,-0.124299,62.9458
-0.994603,-0.192242,84.2972
-0.206267,0.146091,18.8972
0.727667,0.0399755,50.2304
0.494064,-0.0937835,13.8568
-0.87666,0.0144384,60.65
0.866948,-0.0837236,56.3787
0.881609,0.0327152,63.0365
0.763564,0.0293709,52.0417
-0.441891,0.133386,2.18901
-0.850729,-0.0486066,60.5761
0.982815,0.120719,79.9026
0.927945,0.145813,71.1558
0.755657,0.0832027,55.5062
0.531077,0.102577,46.4588
-0.30341,0.0366033,10.1375
-0.894663,0.0526461,61.6604
-0.443933,0.15297,1.05711
0.794541,-0.139261,42.5075
0.724189,-0.00528539,45.9003
0.549835,0.00431952,33.9821
-0.775405,-0.121945,59.2633
-0.992749,0.125262,82.8379
0.672612,-0.152913,24.4107
-0.552486,0.19012,4.41121
0.664307,-0.0254858,38.7205
0.615746,-0.199666,10.9378
0.427731,0.0637305,36.1949
0.957386,-0.0394019,72.6967
-0.704485,0.171197,26.5899
0.550239,0.0688628,42.9856
0.302353,0.0705041,31.3183
-0.376461,0.042886,13.85
0.823226,-0.0561527,52.0437
0.936419,-0.0888962,67.6887
-0.39393,-0.0326468,29.1479
-0.756526,-0.00845061,49.8289
0.944635,0.0638204,71.8605
-0.740184,0.124883,36.2317
0.525107,0.0410973,37.8148
0.963004,-0.145008,72.7525
-0.445742,-0.119182,45.2866
-0.636868,0.147342,20.6415
0.939771,-0.0206026,69.6163
-0.335347,0.133449,6.9601
0.523463,0.0693901,41.729
0.730161,0.127752,57.4326
0.381794,0.0785152,36.4402
0.544055,0.0598584,41.4695
-0.389466,-0.0397775,30.1716
0.499705,0.110414,46.1926
-0.350602,-0.0904699,37.0297
0.881393,0.100384,65.4275
-0.517655,-0.0356188,36.5883
0.322106,-0.0427326,10.1276
-0.266137,0.0296243,9.18518
-0.204955,-0.129171,37.4302
0.200584,0.0286504,17.7408
0.649035,0.016563,42.3762
-0.938476,-0.108126,71.7181
0.993991,-0.143283,83.472
-0.373008,0.188383,13.7002
-0.279912,-0.0730717,30.7182
-0.51747,-0.0878639,43.9576
0.588368,0.0294901,39.9568
-0.951218,0.131262,70.061
0.793448,-0.134872,42.6827
-0.939019,-0.156152,72.6036
0.249048,0.0816158,30.8503
0.649128,-0.175346,18.5537
0.996862,0.14504,85.5644
-0.546264,-0.0679007,42.6596
0.434283,0.105883,42.9563
-0.894986,-0.105374,66.8345
-0.974932,0.0703918,76.6219
0.750568,-0.0677386,42.7828
0.356584,0.0751692,34.7099
0.621226,0.0159937,40.3869
0.499184,-0.139519,6.623
0.325847,-0.0915203,0.498207
-0.626833,-0.0681003,46.8466
-0.691414,0.0950445,33.4428
-0.805674,-0.0745217,58.2496
0.284639,0.0425356,25.1169
0.439317,0.11877,44.9862
-0.97151,-0.138011,77.356
-0.643155,-0.00607259,40.7372
0.451569,0.0692158,38.2172
0.209579,-0.032849,4.93334
0.517766,0.0431083,37.6969
0.446564,-0.00109398,26.329
0.26326,0.00934583,17.2139
-0.200008,0.140687,18.2825
-0.974014,-0.0183213,77.0221
0.279188,-0.0969852,4.02857
-0.261321,-0.126376,39.2714
-0.653448,0.0142552,39.1314
0.223418,0.0101476,15.0834
0.950943,0.123856,73.6975
0.547273,-0.144667,10.7799
0.800451,-0.167353,41.2925
-0.447591,-0.0386099,33.1263
-0.71848,0.0693787,39.139
0.311068,-0.000714319,17.9774
0.262565,-0.128072,11.4604
0.976027,0.0676778,77.8574
0.764207,0.123419,58.7752
0.380257,-0.0420918,14.2717
-0.240881,0.0836959,3.95718
0.796364,-0.00157667,52.6628
0.908648,-0.0813937,62.9168
0.524065,-0.186763,1.65503
0.576008,-0.0471253,28.4292
-0.427608,-0.0737477,37.7899
-0.989838,0.0221989,81.7463
-0.980717,0.166121,77.8067
0.452195,0.114894,44.9405
-0.332047,0.0859941,2.06753
0.353249,-0.023905,15.9959
-0.607355,0.113645,21.8635
-0.310102,0.158638,13.6773
0.38945,-0.149074,5.33343
0.375482,-0.108093,1.12119
-0.975905,0.190699,76.0539
0.489204,-0.161008,2.04555
-0.616119,0.141634,18.9425
-0.223667,0.036659,4.98497
0.792314,-0.108491,44.5278
-0.328306,0.00482258,18.2026
-0.918148,0.032293,65.811
0.325621,-0.00194424,18.6131
0.940484,0.0253624,70.5616
0.323746,0.0851326,34.9253
0.799402,0.0623349,57.0544
-0.687685,-0.0169176,45.1847
-0.42602,-0.0664458,36.5493
-0.309761,0.00545914,16.9367
-0.845551,0.0519444,55.0405
-0.435532,0.00719845,24.5394
-0.403181,-0.051076,32.8591
0.395144,0.0443208,31.2732
0.832318,-0.034673,54.3856
0.576952,-0.13422,15.589
0.661791,-0.144812,24.0318
-0.21021,0.152265,19.798
-0.940481,-0.0944441,71.7553
0.804508,-0.155431,42.8087
0.364448,0.0414622,29.1368
0.930326,-0.0175774,68.0895
-0.572915,0.129557,15.8499
0.592215,0.0812803,46.5965
0.629513,0.00642988,39.794
-0.386608,0.0983074,3.89099
0.293808,-0.170957,17.1838
0.402253,-0.149643,4.30485
0.27998,-0.147971,14.0061
0.474507,0.0577671,37.5912
-0.471407,0.149754,2.1479
-0.887729,0.17599,55.908
-0.323099,0.15942,12.7872
-0.464278,0.0780242,14.0234
-0.665869,-0.018244,43.7508
-0.416865,0.0686766,11.9099
-0.356308,0.0065343,19.6021
-0.992334,0.0904448,82.6995
0.836282,0.101006,61.8605
0.826163,0.0609515,59.0592
0.479923,-0.0854292,14.051
0.570363,-0.180819,7.91339
0.465835,-0.0655019,16.3691
0.846529,0.125939,63.7139
0.851244,0.0900676,62.4916
-0.464489,0.151687,1.14189
-0.347004,0.0210951,16.144
0.261491,-0.0883215,3.5008
0.237439,0.11776,36.8366
0.837263,-0.175104,46.8505
0.331357,0.0665856,32.0035
0.487249,0.0174642,31.9855
0.577594,-0.044456,28.9506
0.749069,0.0695586,54.076
0.527982,-0.0763405,19.7781
0.751587,0.12464,58.2258
0.584121,0.0570295,43.2321
0.945528,-0.0675268,69.8651
0.572819,-0.114635,18.0834
0.310861,0.129863,41.7718
0.283803,0.124937,39.9342
-0.390914,-0.116466,42.7994
-0.857205,-0.142211,65.109
-0.520764,0.0827658,18.0901
0.365977,0.0316553,27.4244
-0.55823,0.124567,15.0569
-0.800665,0.128315,44.2129
0.285168,0.0259117,21.8458
-0.684993,-0.108406,53.7764
-0.978755,0.171902,77.1103
-0.317032,0.148725,11.2953
-0.247658,-0.108033,35.5815
-0.571035,-0.122997,50.4793
-0.35779,0.11791,2.18953
0.558314,-0.107128,17.7563
0.789028,-0.120857,43.1348
-0.652647,0.105514,27.8802
-0.590741,0.167157,12.3381
-0.569046,-0.0811466,45.4687
-0.285149,-0.0759547,31.5003
-0.954574,-0.0362392,73.1216
0.794143,0.0408976,55.2873
0.992037,-0.0373932,82.6685
0.658123,0.0686178,48.6045
0.610733,0.0286261,41.2551
0.787256,-0.186164,37.7065
0.88963,-0.112255,58.7191
-0.228866,0.0655782,0.921282
0.43867,-0.13376,1.82749
0.495434,-0.00533724,28.8276
-0.694889,0.0385154,39.9902
-0.782869,0.196645,36.1299
0.212953,-0.0837771,5.85131
0.47539,-0.134953,5.06227
0.40369,-0.060764,12.3936
-0.275461,-0.0118086,18.4293
-0.823951,0.172129,44.7845
0.848815,-0.0814699,53.9195
-0.602645,0.0746485,26.8698
-0.352082,-0.0139148,23.2988
-0.320615,0.0611234,6.2685
-0.254599,-0.0960215,33.7509
0.983808,0.0636042,79.9348
-0.813045,0.194527,41.4092
0.429727,-0.117446,3.95703
0.50474,-0.128417,9.02199
0.5322,-0.0425498,25.5435
0.637687,-0.104727,26.3449
-0.492318,-0.0251131,33.5046
-0.752981,0.199123,31.0289
-0.683199,-0.0468581,47.8944
0.735113,-0.0803702,39.8867
-0.62222,0.0752357,28.6679
0.743317,0.0716524,53.8729
-0.84283,0.0930109,52.4629
-0.828341,-0.0582556,59.0947
-0.445118,-0.0956333,41.9078
0.925091,0.0964863,69.8076
-0.210398,0.10302,10.0481
0.948361,-0.104309,69.8471
0.772126,-0.0786296,44.3268
0.275333,0.117685,38.399
0.265287,0.0165427,18.8209
-0.641258,-0.107746,51.7325
-0.301834,0.100544,3.09914
-0.43982,0.0129062,23.8075
0.222115,-0.116584,12.0229
0.829871,0.11673,62.179
-0.835444,0.134796,48.9697
0.362071,-0.0913544,3.29185
0.978381,-0.120848,77.3051
0.316436,-0.0715553,3.84345
-0.445679,0.109547,6.78838
-0.882392,0.0524736,59.9059
0.806127,0.100553,59.7834
0.494538,-0.0279397,25.0425
-0.966756,0.0783808,74.4059
0.398148,0.021044,27.3058
-0.946306,-0.0191133,71.4214
-0.618643,-0.0780136,47.5274
-0.589278,-0.0779884,46.0633
0.768254,-0.046353,46.5165
0.222452,0.0896296,31.1092
0.933469,0.108144,71.0726
-0.813502,0.112783,47.1291
0.668446,-0.186363,19.7894
0.310469,-0.0626233,5.24848
-0.815416,0.128606,46.3375
0.566383,0.118602,49.8043
0.781312,-0.0344806,48.8144
-0.624698,0.0328246,34.4834
0.347899,0.123036,42.1343
0.878412,-0.170504,54.3917
-0.48631,0.156518,2.49565
-0.870563,0.136542,54.5277
-0.492891,-0.00254614,29.9386
-0.885062,-0.0690145,64.6917
0.793708,0.0671268,56.9356
0.752706,-0.0712677,42.7087
-0.546212,0.0932074,18.7521
-0.217296,0.147696,18.4515
0.731158,0.0122315,48.063
-0.30692,-0.00372292,18.6252
0.221827,-0.168865,22.0599
-0.777819,0.0988608,43.3851
0.361387,-0.0426824,12.8349
0.2804,-0.186538,20.9546
0.933405,0.0866869,70.6567
0.413703,-0.0589265,13.4971
0.802465,0.0869798,58.7576
-0.834358,-0.122512,62.7494
0.501022,-0.0300753,25.1661
-0.984292,-0.0820356,80.1596
-0.33604,0.0857959,2.40558
-0.881573,-0.134918,66.6131
0.3766,0.0279595,27.3359
0.627626,-0.0247288,35.763
0.489817,-0.192227,2.96187
-0.930201,0.0817449,66.6665
-0.784743,-0.0605328,55.8609
-0.547844,-0.0965949,46.4211
-0.330923,0.155806,11.4943
0.693573,-0.0189357,41.9403
0.504698,0.107157,45.9668
0.434251,-0.0670456,13.5737
-0.259372,-0.0491896,25.1069
0.851047,0.0853489,62.2674
-0.866156,0.130753,54.0683
0.873198,0.0652257,63.3911
-0.258769,0.0818826,2.35066
-0.790087,-0.018617,53.4624
0.787973,-0.105034,44.2145
0.273681,0.0894569,33.4277
0.554157,0.0228582,36.9262
-0.602666,-0.0845237,47.4765
0.66084,-0.0691381,33.2376
-0.460722,0.0162211,24.6396
0.885826,-0.00874915,62.0153
-0.325661,0.173807,15.1714
0.519742,-0.192973,0.205589
-0.835866,0.0316222,54.9667
-0.288838,0.0290927,10.7494
0.90824,-0.158618,60.4706
-0.296067,0.0766141,1.35449
-0.695311,0.0495077,38.8552
0.874625,0.0424461,62.6562
-0.583554,0.103603,20.8258
-0.700625,0.0668497,37.5275
-0.918056,-0.147518,70.1668
-0.431444,0.0346137,19.313
-0.433622,0.187051,7.85595
-0.79258,-0.0339282,54.7024
0.894494,-0.185352,56.8591
-0.364103,0.0559528,10.4072
0.933319,-0.091166,67.0462
0.484468,-0.192874,3.63587
0.714556,-0.0514969,40.5366
0.293909,-0.131883,9.88259
-0.740536,0.110782,37.6281
-0.243519,-0.131314,39.3695
0.985263,-0.0425526,79.9604
-0.263485,0.1342,12.5896
0.480462,-0.199669,5.14447
-0.658071,0.0591374,34.1779
0.878887,-0.199896,53.1995
0.520695,0.106362,46.5119
-0.964603,0.149609,73.1217
0.829994,0.045696,58.5694
-0.999225,-0.011209,87.739
0.933654,0.0419334,69.8237
-0.527699,0.0588835,22.5709
-0.669206,0.164632,22.5431
0.261819,-0.0524548,4.05794
-0.94392,-0.0286481,71.1755
0.201974,-0.0533659,0.0260811
-0.22303,0.0940583,7.33689
-0.806903,0.159101,42.9176
0.485322,0.0703062,40.0039
-0.648703,0.0856181,29.9695
-0.952937,-0.122992,73.9842
-0.840677,-0.0756296,60.9793
0.871858,0.0652502,63.264
-0.95324,-0.0321142,72.8261
0.508615,-0.154178,5.17124
0.233197,-0.00223284,13.0066
-0.235456,0.0826228,4.09994
0.357745,0.0250058,25.7281
0.927324,0.0965305,70.0796
0.850044,-0.116896,52.2233
-0.876502,-0.0518101,63.2069
0.430075,-0.000552554,25.3703
0.962856,-0.174897,72.3745
0.254264,-0.180649,21.8638
0.965412,-0.149832,73.3353
-0.476086,-0.106007,44.6595
0.581737,0.0632266,43.8797
0.444482,0.0178184,29.4617
-0.715465,0.019028,43.8382
0.924382,-0.0244561,66.9828
0.501873,-0.0645983,19.4766
-0.639343,0.129628,23.2669
-0.205575,0.156021,20.8142
0.226941,0.067301,27.0372
-0.270217,0.0835104,1.8932
0.411715,-0.127748,0.49945
0.957475,-0.125511,71.6095
-0.290749,0.129568,9.67221
0.908093,0.0930804,67.8021
-0.819955,-0.0367042,57.1972
0.335774,-0.191546,17.4267
0.605569,-0.19028,10.9032
-0.907729,-0.0729284,67.2183
0.380301,0.0015481,22.6415
0.973437,0.0418754,77.0546
-0.689304,0.0820524,34.6696
-0.89337,-0.126427,67.3245
0.674541,0.0343629,46.0619
0.427436,-0.0267439,20.4682
0.407037,-0.160061,5.72734
0.737759,-0.137895,34.6484
0.589086,-0.0364857,31.0404
0.836289,-0.118741,50.0488
0.208921,-0.0493854,1.28311
0.652626,0.0700762,48.4532
0.970045,-0.173596,74.3986
0.988299,-0.104515,80.8757
0.908442,0.0703203,67.2283
-0.488399,0.101552,12.0172
-0.40007,0.129245,0.78799
0.499094,-0.0220877,26.3415
-0.664393,-0.0322695,45.1653
0.29398,-0.0123575,14.5519
0.612123,0.0918263,48.7435
-0.245985,-0.115471,36.8029
0.74498,0.0871073,55.1586
0.923118,0.138171,70.4795
-0.266736,-0.0550051,26.6273
-0.895818,-0.0979641,66.6898
0.396957,0.0738343,36.3697
0.304904,-0.0892422,0.590333
-0.857246,-0.00618187,59.2758
0.529139,-0.0439541,25.0772
0.818934,-0.0263516,53.3714
-0.200149,0.156112,21.1955
0.434435,-0.0562758,15.5663
0.720591,0.106873,55.3698
-0.580709,0.102002,20.7747
-0.462443,0.0536545,18.1968
0.601076,-0.171755,12.9327
0.438627,-0.153454,1.64331
0.80716,-0.0192005,52.5688
-0.832754,0.172301,46.2528
-0.308829,-0.0948873,35.9492
0.202684,-0.155175,20.8511
0.440771,0.115562,44.5933
0.428496,-0.0430015,17.5619
-0.850376,0.133736,51.3742
0.434454,0.108143,43.2901
0.810939,-0.0715903,49.552
0.23877,-0.0230976,8.86188
-0.857494,-0.0823019,62.6684
0.567552,0.0657835,43.4646
-0.718152,0.194701,26.042
0.458314,0.1179,45.5872
0.368291,0.0785725,35.8301
0.833491,-0.0834027,51.7249
-0.793904,-0.0210048,53.9556
0.610906,-0.00295291,37.2658
-0.417553,0.0513,15.2154
0.548683,0.0723611,43.3671
0.370985,0.0221615,25.9484
0.902449,-0.192597,58.1996
-0.612605,0.188031,12.1147
0.687108,-0.17014,24.2965
0.526971,-0.0178334,29.0342
0.635352,-0.0934383,27.5756
-0.607726,-0.0758728,46.734
-0.676176,0.195058,19.8282
0.512835,-0.099834,14.5513
-0.557567,-0.116369,49.2031
0.414964,0.0172033,27.6016
0.285878,0.0839328,32.9881
-0.994832,-0.0534288,84.2293
-0.729008,0.0907634,38.179
0.869306,-0.0664673,57.4909
-0.772115,0.053309,46.3722
0.590798,-0.0816446,24.7445
-0.497093,0.173073,0.891499
-0.554597,0.162313,8.86407
0.378134,-0.00182992,21.8687
-0.323729,-0.0299454,24.7733
0.538798,-0.109888,15.3939
0.266166,0.120072,38.4222
-0.893118,0.0235198,62.4462
0.803025,0.0721673,57.9183
-0.832607,0.0352834,54.3846
0.579798,0.0710602,44.751
-0.740317,-0.127309,57.872
-0.729313,-0.0364842,50.0455
0.832563,-0.177427,45.9022
0.664732,0.01223,43.0102
-0.670767,0.112595,29.0526
-0.938198,0.124621,67.3331
0.374822,0.123365,43.2101
-0.423152,0.198211,10.7182
0.677396,0.055931,48.4359
0.812056,-0.0484881,51.204
-0.203712,0.148877,19.5986
-0.445929,0.0368734,19.948
0.380319,-0.192432,13.7368
-0.434644,0.0379049,18.9427
0.288918,-0.0339871,9.73211
0.68795,-0.121103,30.0788
-0.508404,0.160771,4.07803
0.402683,0.0263433,28.5155
0.478634,-0.084672,14.0715
-0.481234,-0.0591421,38.1418
-0.322261,-0.051207,28.7334
-0.600516,-0.0978858,48.8863
-0.271238,-0.0679927,29.3466
-0.84327,-0.0399552,59.4718
0.45235,0.0601423,36.8414
0.474985,0.10821,44.9163
-0.390953,0.132273,2.13164
0.777206,-0.132562,40.5528
0.914999,-0.056915,64.658
0.73498,-0.143831,33.6877
0.713005,-0.0649712,39.0094
0.906906,-0.0263045,64.289
-0.674372,-0.120443,54.3687
0.669726,0.10761,52.9983
0.441688,-0.0918306,9.64685
0.346611,-0.192348,16.6552
-0.627414,0.174447,15.8545
-0.234089,0.0581739,1.00897
-0.425019,-0.033265,30.9809
0.482107,0.032643,34.0962
0.296297,-0.031516,10.7268
0.552395,-0.190149,4.39601
0.528429,-0.147318,8.3544
0.76295,-0.0819801,42.96
-0.774901,-0.0482505,54.2959
-0.566888,-0.00636484,35.4268
0.514911,0.0806541,42.8664
-0.338894,0.113946,2.92806
-0.47372,-0.00595261,29.2638
-0.353815,0.0699944,6.87593
0.300533,-0.0323912,10.8209
-0.265053,-0.0357171,22.7168
-0.236084,0.0507914,2.725
0.292638,-0.126827,8.99651
0.663447,-0.152477,23.2899
0.748804,0.0772007,54.6401
0.820637,-0.0458475,52.3678
-0.300774,-0.0489428,27.2005
-0.676639,-0.0941775,52.0811
-0.32249,0.160541,13.0408
-0.298376,0.0810412,0.609995
0.646331,-0.133895,23.5335
-0.652257,0.108355,27.4784
-0.966133,-0.135619,76.3069
0.982467,0.145022,79.9198
-0.385667,0.0192506,19.0381
-0.401313,0.13686,2.07528
-0.915007,0.0162197,65.7564
0.733669,-0.123652,35.5071
0.662557,-0.122882,26.8423
-0.359056,0.140406,6.33535
0.597826,-0.135312,17.7392
-0.727024,-0.102187,55.3287
-0.92493,-7.29197e-05,67.6383
-0.549855,0.165797,7.79715
0.955032,-0.0462488,72.1141
0.783284,-0.181698,37.4256
-0.583445,0.0718604,25.4734
0.379584,-0.11301,0.519887
0.354333,-0.0907176,2.81869
0.439607,-0.0203571,22.4634
0.90871,-0.163216,60.4184
-0.605592,0.184361,11.7282
-0.695472,0.121951,30.8956
-0.662584,0.138644,24.8952
-0.422953,-0.00207995,25.3905
0.286856,-0.0382387,8.70807
0.920665,0.0884176,69.1001
-0.797606,0.0551709,49.0863
0.226586,-0.10476,9.30982
0.78777,-0.00414022,51.6706
0.9528,-0.0679549,71.345
0.416144,-0.159029,4.71312
-0.631282,0.125191,22.9258
0.560888,-0.112358,17.2094
-0.81424,0.0840803,49.1435
0.576561,-0.199186,5.98996
-0.97441,0.0143578,76.8853
0.660194,0.0424177,45.9796
0.817538,0.00670864,55.2248
-0.327732,0.130912,7.0814
-0.916934,0.00674986,66.2873
0.756902,-0.0672492,43.5308
0.929895,-0.0583257,67.1303
0.358865,0.0549981,31.2865
-0.333194,-0.0329411,25.8666
-0.653947,0.15369,21.9341
-0.83128,-0.0517726,59.001
0.863219,-0.154332,52.4385
-0.453729,0.0706714,14.4694
0.408857,-0.11942,1.78104
0.278194,0.0258741,21.451
0.804133,-0.178948,41.0282
0.544017,-0.0271159,28.8625
0.607182,-0.00807256,36.3234
0.407097,0.0349321,30.2775
-0.24875,0.146167,15.9543
-0.247911,-0.0188482,18.314
-0.759427,0.0779511,42.8929
-0.924926,-0.0763619,69.3507
-0.391893,0.124154,0.546259
0.560158,0.0483012,40.7815
0.827632,0.00942941,56.3706
-0.800357,-0.0622231,57.119
-0.991045,-0.182716,82.7368
0.76546,0.0702073,55.1917
-0.865321,-0.0914976,63.7067
-0.570906,-0.0537609,42.0944
-0.860473,0.111142,54.1128
-0.631305,0.00218875,38.8692
-0.610353,0.164756,15.0476
0.842681,-0.131013,50.3136
-0.472959,-0.123306,46.8589
-0.792252,0.0472742,49.0459
0.806163,-0.176993,41.5048
0.354748,-0.135419,5.75925
-0.504713,0.0847841,16.328
0.302986,0.130412,41.556
-0.350126,0.161073,10.8727
0.482718,0.0996503,44.059
-0.545743,-0.0499081,40.2035
-0.444168,0.154031,1.21869
0.681747,0.084361,51.4264
-0.720442,0.0236023,43.8417
0.205038,0.0494116,22.3232
0.47014,-0.150384,1.9165
-0.385368,0.189597,12.8044
0.388016,-0.142619,4.28506
0.829146,0.104978,61.5522
-0.855207,0.137016,51.9766
-0.260593,-0.0231929,19.9248
-0.36859,-0.114341,41.6047
-0.254361,0.0706887,0.302743
-0.795129,-0.0894528,58.4158
-0.66558,0.128027,26.5675
0.470766,-0.0275495,23.3851
0.954184,-0.191802,69.8805
-0.505045,0.125064,9.60998
-0.815152,0.0346306,52.441
0.952109,0.142472,74.1162
0.309178,0.112725,38.9632
-0.351698,0.185714,15.0891
-0.75599,-0.0654372,54.2156
0.400819,-0.13417,1.62702
0.360721,-0.0344844,14.4071
0.874041,-0.0880444,57.2345
0.330223,-0.0193655,15.4058
0.494073,-0.0514805,21.0547
-0.657288,0.0953133,29.6623
0.764103,-0.122905,39.575
-0.228529,0.139964,16.1952
0.474032,0.0997148,43.7061
0.523869,-0.170196,4.22893
-0.852158,0.18989,48.6382
-0.258323,0.0196577,10.8102
0.32434,0.0050587,19.931
0.943483,0.0813604,71.9685
0.739478,-0.0412533,44.0001
-0.84593,-0.0901552,62.0763
0.419457,-0.00717318,23.4988
-0.594689,0.0897339,23.9583
0.963254,-0.0835315,73.4974
-0.400304,0.150672,4.66325
0.856764,0.0417868,60.8382
-0.271612,0.0799411,1.05457
-0.514008,0.0618047,20.9518
-0.280537,0.179558,19.7263
0.607828,0.00424398,37.9741
0.990955,-0.156255,81.8901
0.930492,-0.0616478,67.1625
-0.533569,0.115653,13.9563
-0.795809,-0.123334,60.4619
0.417523,0.0175537,27.815
-0.991055,-0.0259573,82.3749
0.837599,0.0579095,59.8554
-0.617457,0.116888,22.5075
-0.634218,0.135112,21.9441
0.680908,-0.072886,34.8256
-0.673353,0.127183,27.6037
0.318428,-0.170957,15.2473
-0.273405,-0.0244258,20.8914
0.274319,-0.093055,3.57284
0.630685,-0.177881,15.8162
0.202722,0.0715994,26.6864
0.250035,-0.0774588,2.02315
-0.81644,0.127472,46.5643
0.499443,-0.0212201,26.5091
-0.425976,-0.0380479,31.849
0.318047,-0.0937319,0.52726
-0.931343,-0.0661088,69.9768
-0.631154,0.126591,22.7243
-0.997635,0.157482,85.9499
-0.276099,-0.0697665,29.9171
-0.887267,-0.0616604,64.665
0.691919,-0.0631813,37.0359
0.403398,0.0344277,29.9855
-0.915928,0.11632,63.1792
0.898386,0.0201806,64.5674
0.705182,-0.150576,28.9573
0.724745,0.10871,55.7231
0.459803,-0.0762953,13.9595
-0.807926,0.168364,42.4151
0.679372,-0.0510078,37.1616
-0.722692,-0.0944671,54.4846
-0.415923,0.156347,4.26141
-0.571004,0.165068,10.3219
0.842485,-0.0662927,53.8803
-0.265696,0.028134,9.47321
0.759623,-0.0307532,46.9101
0.894374,-0.138102,58.5786
-0.700894,0.181089,24.9811
0.880205,0.0969767,65.2031
-0.92232,0.118599,64.3137
0.310097,-0.0042391,17.2048
0.74242,-0.188974,30.3356
-0.248315,0.17419,21.1506
0.692676,-0.101133,32.9023
0.820713,-0.0410878,52.6689
0.746344,0.117431,57.4593
0.387497,-0.0201069,18.9961
0.566274,-0.0654338,24.8733
0.338001,-0.0183422,16.1104
0.709643,0.110373,55.1135
0.414905,-0.0620176,13.0078
0.288034,-0.0858824,1.12286
0.482073,0.106992,45.0346
-0.32024,0.0806238,2.27668
0.755055,0.0715162,54.6079
-0.724688,0.0552108,41.1924
0.297717,-0.0328753,10.5369
0.663073,0.0971034,51.6949
0.793597,0.00362879,52.7559
0.443066,-0.0275937,21.4076
-0.391885,-0.0956491,39.6522
-0.7575,0.188244,32.7564
-0.524568,-0.0681368,41.6107
0.872653,0.00932436,61.1291
-0.556476,0.0769645,22.2362
0.498612,0.0124342,31.8882
-0.890372,0.152891,57.3028
-0.924647,-0.0500457,68.7322
0.733272,0.0101534,48.0492
-0.850819,0.0838581,54.0733
-0.943673,-0.0211447,71.0102
-0.914115,0.00468533,65.9346
0.214679,-0.063543,1.41349
-0.76611,0.14095,38.279
0.828871,0.109093,61.7375
-0.633751,-0.0457411,44.7173
-0.579882,0.0654042,26.0929
-0.579788,0.149482,13.64
0.221691,-0.137427,16.1782
0.838888,0.0286879,58.4944
-0.459888,-0.0892801,41.6134
0.644588,-0.0679036,31.7946
-0.682319,-0.100146,52.9091
-0.682452,0.035531,39.176
-0.513363,0.017153,28.1642
-0.714535,0.197393,25.2075
0.230084,-0.102063,8.51589
-0.225637,-0.124704,37.5316
-0.856913,0.126393,52.7957
-0.473837,0.094696,11.9042
-0.270345,-0.122384,38.9765
-0.334571,0.157193,11.4519
0.788159,0.0282885,53.9573
-0.969907,0.123685,74.8063
0.562839,-0.0685391,24.0984
0.664206,0.0351166,45.4577
-0.494458,0.00271308,29.1889
0.449444,-0.144347,0.964919
-0.622748,-0.0736334,47.2485
0.365712,-0.0853103,4.75465
0.41902,-0.0614184,13.4346
-0.655929,-0.0483624,46.3508
0.549253,0.0536489,40.9044
0.636241,-0.170327,17.531
0.213294,0.0781049,28.4773
-0.508849,-0.0670325,40.679
-0.408732,-0.00577099,25.1728
0.961694,-0.0454833,73.5591
0.770107,0.105649,57.9176
-0.34334,-0.0895419,36.5546
0.614046,0.0104668,39.2043
0.913617,0.0786752,68.0411
-0.949389,0.0844298,70.3805
-0.838478,0.04705,54.4266
0.539904,-0.0258829,28.7404
0.580792,-0.0791723,24.1548
-0.358716,0.155355,9.11466
0.884096,0.0382214,63.5096
0.97577,-0.0482109,77.0109
-0.23999,0.120391,11.5484
-0.430985,0.186312,7.98844
0.516337,-0.0599429,21.4516
-0.983559,-0.0382649,79.7476
0.788964,-0.092396,45.3103
-0.924284,0.0611704,66.0925
0.582843,-0.186702,8.56467
0.653334,-0.0848123,30.5502
-0.949936,-0.111231,73.3741
0.36818,0.0516761,31.168
-0.636795,0.0495029,33.3971
0.594352,-0.028754,32.5451
0.360704,-0.105752,0.384624
0.950717,-0.0630193,70.9837
-0.734032,-0.102661,55.7331
0.928797,-0.0859735,66.3127
-0.849554,-0.0674695,61.3381
-0.539595,-0.0486391,39.6912
-0.69798,0.155026,27.4988
-0.347422,0.0554593,9.311
-0.674576,0.0681434,34.7282
-0.90633,-0.0254775,65.7218
0.661434,0.0766694,49.6028
-0.420073,-0.106335,42.449
-0.241406,0.014713,10.8254
0.478507,0.048937,36.4427
-0.455664,-0.115113,45.1045
-0.250769,0.164105,19.1535
0.697297,0.0727492,51.21
0.252877,-0.114366,9.4315
-0.628647,0.0917267,27.1063
0.622296,-0.134319,20.6633
0.601136,-0.058902,28.9331
0.627202,0.100901,50.4082
0.260145,-0.00228707,14.5965
-0.247905,-0.127696,38.9484
0.995679,0.0742647,84.7409
-0.803199,-0.110971,60.1893
-0.949222,0.0414759,71.0108
-0.509837,0.135909,8.28919
0.893403,-0.143697,58.1988
0.56309,-0.093197,20.3646
-0.91073,0.193084,59.8997
0.36004,0.00670255,22.3886
-0.951779,0.0992486,70.6688
0.924446,0.0527919,68.7668
-0.95769,0.0630452,72.4626
-0.797044,0.166828,40.7921
0.722617,-0.0922295,37.2931
0.213044,0.0144858,15.4175
-0.513697,0.186223,0.585552
0.720958,0.106692,55.3739
0.427011,-0.102329,6.48413
-0.259557,0.0677175,0.676409
-0.854418,0.0602142,55.7616
-0.815855,0.167665,43.7491
-0.245378,-0.0820964,30.7678
-0.209713,0.104468,10.3927
0.224183,0.106635,34.3087
0.535819,-0.0512669,24.4584
0.685796,0.121004,54.9124
0.563073,-0.0474126,27.3049
-0.691633,-0.0549507,49.2121
0.68023,-0.0763232,34.3614
-0.680454,-0.0868438,51.5908
-0.680109,0.0781829,34.135
0.259277,0.094668,33.7168
-0.270711,0.0434386,6.55473
0.534711,0.00765666,33.47
0.20735,-0.135789,16.8389
0.315066,0.0179694,21.9481
0.637837,-0.182334,16.1616
0.613514,0.00283121,38.1978
-0.943106,-0.0585472,71.5393
0.978987,-0.0808141,77.7362
-0.840284,0.0137271,56.4328
-0.380151,0.0276067,17.0665
-0.853096,0.00350855,58.3648
0.990264,0.0820432,82.1919
0.921654,-0.127539,63.9565
-0.898032,0.163028,58.3574
-0.928505,-0.12352,70.7726
0.204382,-0.056416,0.535846
-0.857044,0.0878666,54.7513
0.475189,-0.0443143,20.8138
-0.841262,0.109273,51.3291
0.531591,-0.104072,15.6275
-0.838801,0.0424746,54.7167
0.517986,-0.165195,4.38538
-0.248048,0.151848,17.0782
-0.520967,-0.092837,44.7719
-0.997928,0.0693413,86.2622
0.811678,-0.00386823,54.0037
-0.81605,-0.00987516,55.2708
-0.913445,0.117498,62.6905
0.345649,0.120495,41.656
0.401968,-0.198572,12.7863
-0.469526,0.108155,9.16293
0.729281,-0.0947057,37.8224
0.944477,-0.151913,68.1848
0.363658,-0.178658,12.8416
0.386792,-0.107333,2.1888
-0.443624,0.00868432,24.8076
-0.831481,-0.0851603,60.7301
-0.233717,-0.0379192,21.4794
-0.747037,0.103271,39.1426
0.739658,0.118089,57.1736
-0.299451,0.00102778,17.2132
-0.515652,-0.00710978,32.1423
0.875888,-0.167669,54.0542
0.209345,0.110521,34.3522
-0.596201,-0.113707,50.4454
0.270514,0.0196019,19.7457
-0.472426,-0.00730752,29.4068
0.629927,-0.136824,21.2123
-0.960796,-0.0102187,73.9977
0.293426,-0.0869134,0.947592
0.590459,0.0656281,44.6335
0.707241,-0.166872,27.4519
0.313554,0.119767,40.2813
-0.634907,0.132438,22.3795
0.649953,-0.0883021,29.7609
-0.48114,-0.00601035,29.7457
0.726691,-0.0614196,40.7958
0.213476,0.0410933,21.0512
-0.461095,0.109928,8.0917
-0.780468,0.131338,41.111
0.869535,0.0205221,61.2392
0.257922,0.00583965,16.1714
0.938823,-0.108486,67.7784
0.283941,-0.102438,4.79253
-0.784552,-0.0247056,53.4087
-0.325496,-0.125397,41.6376
0.930812,-0.0804723,66.8071
0.519232,-0.149264,7.07572
-0.912727,0.157868,61.3735
0.851591,0.138513,64.5861
-0.440268,-0.0939478,41.4527
-0.762424,-0.0849451,56.0454
-0.478249,-0.0466444,36.0741
-0.200613,-0.0506638,22.3497
-0.484717,0.168871,0.287129
-0.384618,0.142821,4.61588
0.254375,-0.0332054,7.67431
-0.897825,0.00646861,63.6451
0.815055,-0.162061,44.0045
0.422336,0.0343178,31.0123
0.223483,0.132565,38.7671
0.79908,0.0645736,57.1685
-0.566405,0.0212718,31.4323
-0.802763,0.088,47.3957
0.47143,0.0366085,34.1221
0.614464,0.0130194,39.5544
0.308603,-0.124252,7.28331
0.633518,-0.0280931,35.8216
0.26224,-0.13786,13.3886
-0.234038,-0.0159689,16.9252
0.81045,-0.0201453,52.8513
-0.827486,0.0679025,51.8599
-0.690762,0.192742,22.1993
0.782383,0.10124,58.3475
-0.346254,0.0308489,14.1529
-0.828853,-0.078066,60.1695
-0.393094,0.122817,0.195549
-0.526284,0.0809404,18.8815
-0.971904,0.0502166,75.962
0.665781,-0.0348521,37.765
0.867321,0.0453759,62.0294
0.215348,-0.145793,18.223
0.437336,0.109556,43.6078
0.392344,-0.0809305,7.67132
0.706697,-0.0996531,34.6788
-0.606963,0.0885715,25.3398
-0.834079,0.160797,47.1816
-0.397934,0.136466,2.29841
0.333092,-0.00226366,19.0056
0.2154,-0.153712,19.7155
-0.619403,0.0784531,27.96
0.262383,0.00506201,16.2698
0.942119,0.0682506,71.5509
0.935668,-0.0178899,68.965
0.301032,0.0667518,30.5639
-0.577324,0.198905,6.12512
-0.320007,0.13676,8.80588
-0.867811,-0.0928023,63.9692
-0.460474,0.043429,19.8553
0.663396,0.01831,43.5829
-0.592658,0.133536,17.4182
-0.20173,0.111174,12.303
-0.579246,-0.0596725,43.3018
-0.231161,0.0868634,5.28178
0.335869,-0.186339,16.5261
-0.794643,-0.0318456,54.7364
-0.752408,0.0206027,47.0636
0.882889,-0.19147,54.3429
0.818674,0.0902901,60.064
-0.735804,0.124206,35.7284
-0.200157,0.0687441,3.47701
-0.805894,0.0626112,49.5417
-0.867347,-0.0108914,60.5962
0.499291,-0.0977624,13.6531
0.892003,-0.158572,57.387
-0.328726,0.151947,10.9611
-0.731943,-0.0254278,49.2815
-0.638259,0.0819642,29.3693
-0.539104,0.110923,15.2591
-0.322418,0.112955,4.01394
0.977059,-0.0581942,77.3069
0.331565,0.0603952,30.895
-0.315158,0.0786556,2.30605
0.429258,0.0839312,39.4559
-0.326873,0.125781,6.1636
-0.322527,-0.0375081,26.1598
-0.598362,-0.0623118,44.6505
0.696339,-0.0582822,38.0123
-0.544031,0.025788,29.0664
0.975137,-0.178699,75.8961
0.899415,-0.151439,59.0251
-0.810853,0.111908,46.8177
-0.914223,0.059339,64.4658
0.975409,-0.191373,75.8898
0.274323,0.0370728,23.4873
-0.635037,-0.00219006,39.6794
0.793384,0.131465,60.7965
0.957065,-0.173528,70.8728
-0.549319,0.0829537,20.651
0.802588,-0.136889,43.867
-0.396194,-0.0602998,34.0747
-0.836807,-0.0671077,60.2474
-0.343043,-0.0944725,37.3673
-0.924283,0.0655619,65.9865
-0.403139,0.153411,4.89984
-0.579278,0.0814301,23.6791
-0.777272,0.0888288,44.1239
0.333919,0.0113806,21.7442
0.32125,-5.37676e-05,18.7257
-0.528748,-0.0136977,33.9898
-0.243864,0.0981482,6.75953
0.297617,0.0400305,25.3151
0.534767,0.0758544,43.1536
0.562946,-0.0575855,25.7649
0.464213,-0.0677676,15.8368
-0.936608,0.150849,66.466
0.676313,0.0484436,47.6185
0.859683,-0.0664822,56.1622
0.509491,-0.191687,0.736537
0.788904,-0.0623271,47.5642
0.725471,-0.0571056,41.0884
-0.293297,0.0866858,0.910298
0.721069,0.108494,55.5223
0.914577,-0.0017626,66.0783
-0.710908,0.0811277,37.1139
-0.86268,0.111108,54.4543
0.802836,0.0644912,57.4428
-0.879651,-0.0953336,65.0959
0.755549,-0.0988738,40.5927
-0.613716,0.0925688,25.4643
-0.74268,-0.109711,56.7137
0.432044,0.0904242,40.5706
0.425023,-0.096094,7.4648
-0.59198,0.0435238,30.2904
-0.773005,-0.0737097,55.9376
0.583788,-0.0693287,25.8739
-0.582878,0.00727898,34.6421
0.775201,-0.0829921,44.3409
0.989271,0.12825,81.945
-0.214061,0.132888,15.8164
0.286734,-0.0900094,2.0617
0.391016,0.00839594,24.5738
0.247295,0.0392871,22.4857
0.648214,0.0972387,51.0016
-0.638559,0.0120933,38.2104
0.40838,0.0529332,33.4415
0.276233,0.0853017,32.7929
0.720611,0.0203684,47.9733
-0.746936,-0.0615079,53.3158
-0.730181,0.157623,31.6425
0.563088,-0.0867442,21.35
-0.7659,0.0946082,42.2416
0.680483,0.0395786,46.9894
0.459413,0.0810798,40.3832
-0.360006,0.146489,7.38279
0.422103,-0.0340328,18.7551
-0.810391,0.127857,45.6526
0.507935,0.126428,48.5399
-0.84787,0.0670602,54.547
-0.249456,0.0904783,4.78473
-0.347856,0.164666,11.7098
0.888204,-0.0880056,59.4044
0.687256,-0.195576,21.3631
-0.276632,0.187173,21.3484
0.735025,0.12627,57.5487
0.64707,-0.133194,23.7116
0.801772,-0.149348,42.833
-0.72124,-0.0585025,51.3979
-0.329425,0.0846042,2.15101
-0.645777,-0.12311,53.4195
0.499966,-0.00974296,28.4199
0.385444,0.0713292,35.4127
-0.222089,-0.0793227,29.1355
0.396117,-0.0592084,12.1223
-0.211622,-0.00298645,12.8625
-0.406838,0.010991,21.9797
-0.390354,0.0514647,13.1838
0.750232,-0.173265,33.0313
-0.672719,0.117975,28.6333
0.387381,-0.0788043,7.69273
0.393687,-0.123009,0.180888
0.706468,-0.0559655,39.2706
0.797616,0.024496,54.5082
0.789934,-0.0273947,50.2278
-0.677195,0.15216,25.0935
-0.298228,0.151169,13.2191
-0.236207,0.0829551,4.11903
0.787388,0.0954263,58.2881
-0.665555,-0.05236,47.3569
0.8652,-0.156296,52.6844
0.491616,0.00757916,30.6694
0.617561,-0.0479789,31.8825
0.37912,0.104272,40.4693
0.452,-0.131817,3.39888
0.527877,-0.17716,3.57725
0.634371,-0.0729638,30.1512
-0.307201,0.103612,3.31552
-0.530235,0.133362,10.7769
0.403247,0.0286054,28.9494
-0.950986,-0.117863,73.6223
0.409751,0.0804266,38.0269
0.2847,0.0903188,34.0793
-0.87112,-0.118642,65.2188
-0.804567,0.154845,42.8603
0.537658,0.0818755,44.0852
0.935103,0.107409,71.2663
-0.498528,-0.0570046,38.7074
0.470168,-0.106499,9.51088
-0.82181,-0.122715,61.9619
0.910632,-0.023781,64.9054
0.727274,0.00690106,47.2732
-0.339567,-0.122411,41.7168
0.36779,-0.195197,15.3127
0.848534,0.0364627,59.8
0.752706,-0.0712677,42.7087
-0.61221,0.00345497,37.2966
0.862608,-0.170524,51.5306
0.427262,-0.0319315,19.5066
0.693091,-0.135297,29.0924
0.995654,-0.187517,84.4276
0.431699,0.0792959,38.8488
-0.554035,-0.0132801,35.5563
-0.628386,0.0953916,26.5908
-0.320554,-0.116671,40.0637
0.800091,-0.0583624,49.1496
-0.313794,-0.0279737,23.8418
0.592777,0.0905376,47.7014
-0.283707,0.000380228,16.4015
0.951784,-0.0308916,71.6708
-0.378279,0.0639012,9.88726
0.499393,-0.113752,10.9618
-0.875669,0.00841688,60.7692
-0.43623,0.129453,2.37335
0.757715,-0.0900687,41.6353
0.369785,-0.0905411,4.05102
0.964046,-0.121874,73.2758
0.731316,-0.187085,28.8249
-0.89348,-0.0431538,64.7226
-0.881479,0.0993025,57.9066
0.331347,-0.0812852,2.95965
0.197841,-0.126959,15.7412
0.922376,0.00132284,67.2864
-0.928825,0.120456,65.5261
-0.301858,-0.130764,41.5678
0.965435,0.0319044,75.1848
-0.226122,-0.0374984,20.9847
-0.495428,0.0550017,20.5674
0.368381,0.127151,43.53
-0.92496,-0.136881,70.6496
-0.900137,0.110633,60.551
0.508786,-0.022327,27.0023
-0.637814,-0.114728,52.2764
-0.403293,0.129037,0.470605
0.613509,-0.11685,22.0813
0.682849,0.0245656,45.6202
-0.738066,-0.0884462,54.8613
-0.96083,-0.132341,75.3499
0.899898,-0.0126907,63.7234
0.656684,-0.075771,32.0124
-0.656451,0.195621,16.9798
-0.825111,0.110645,48.9121
0.243354,-0.0529771,2.73002
-0.932882,-0.0523518,69.9174
0.603578,-0.0912485,24.626
0.218371,-0.0971147,8.28781
0.331317,0.105842,38.7472
-0.659115,0.139886,24.3152
0.948,-0.0728041,70.2761
-0.690348,0.0963817,33.1727
-0.489664,0.0777658,16.2112
0.6916,-0.144975,27.7983
-0.644996,-0.104835,51.6098
-0.904253,0.165081,59.4854
-0.747517,-0.0228059,50.2604
0.637352,-0.0865491,28.6821
-0.651461,0.118958,26.0451
0.45538,0.106571,43.9041
-0.77533,0.117813,41.5128
-0.648076,-0.0252357,43.2981
-0.381022,0.0488204,13.0204
0.877005,-0.0848423,57.8152
0.927384,0.109445,70.3546
-0.448241,0.175704,4.52498
-0.875423,-0.0148395,61.6646
0.646341,-0.162663,19.8216
0.325127,-0.177433,15.8557
0.758415,0.0516621,53.3468
0.250813,-0.046328,4.63989
0.56805,-0.0900564,21.3191
0.595882,0.068318,45.2412
0.711815,-0.178174,26.8728
-0.513061,-0.0928748,44.4325
-0.650441,0.0726693,31.7711
0.926093,0.100166,70.0066
-0.89935,-0.0564588,65.802
-0.878568,0.00399584,61.2958
-0.855197,-0.0859082,62.6312
-0.27284,-0.0707938,29.9527
0.263218,-0.142205,14.1515
-0.217275,-0.0432636,21.7018
-0.810492,0.134442,45.2101
0.592502,-0.0837926,24.5989
-0.958397,-0.00131289,73.409
-0.212924,0.161501,21.3293
-0.660099,-0.0907118,50.9288
-0.678232,-0.0544775,48.342
-0.226385,-0.121412,36.9995
-0.767559,0.089234,42.8992
-0.428943,0.00653722,24.2285
-0.369953,-0.0621612,33.1009
-0.560483,0.134897,13.7073
0.660133,-0.086858,31.0075
-0.442739,0.176861,5.25917
-0.792696,0.0814935,46.5965
0.663286,-0.119778,27.3104
0.959583,0.140179,75.23
-0.80784,-0.00853522,54.4092
-0.945223,-0.156555,73.3766
0.285466,-0.0760314,0.726355
-0.53096,-0.0882488,44.6127
0.995559,-0.0154597,84.5656
0.541078,-0.0604747,23.447
-0.452364,0.0174481,23.8532
0.55847,-0.140372,12.6515
0.904599,-0.0949784,61.821
-0.463119,-0.124877,46.7039
0.999835,0.169987,88.9618
-0.390286,-0.00207628,23.3565
0.776149,-0.00229686,50.724
-0.804842,0.0272024,51.8005
-0.286358,-0.0824237,32.7373
0.250349,0.126684,38.8794
0.94376,0.0796974,71.9827
0.53874,0.00871391,33.8919
-0.54389,0.173352,5.96383
-0.428444,-0.0261746,29.9564
0.84685,-0.103406,52.471
0.224081,0.128325,38.0808
0.38929,-0.0426669,14.7993
-0.64048,-0.0352781,43.9417
-0.678634,0.158135,24.5694
-0.551128,-0.0540629,41.0613
0.941844,-0.112165,68.3311
-0.806339,-0.0737754,58.2539
-0.236597,0.168738,21.0065
-0.602959,-0.0871863,47.7938
-0.357964,0.193069,15.8082
-0.442484,0.08619,10.7391
-0.429765,0.0638914,13.8039
0.34144,-0.0335584,13.2886
0.416556,0.0413656,31.9036
0.321179,0.00635466,20.0007
-0.682185,-0.0260431,45.7253
0.727405,-0.0644635,40.5752
-0.380687,-0.0687193,34.7467
-0.991212,-0.0301364,82.451
-0.992277,-0.0929397,83.0462
-0.839248,0.0861332,52.3492
-0.889525,0.127873,58.1088
0.37036,0.0920766,38.1564
0.368464,0.118288,42.203
0.393957,0.0371276,29.9451
0.337548,-0.129761,6.08201
-0.967482,-0.0569856,75.8511
0.673409,0.102583,52.7048
0.668099,0.0654023,48.8378
-0.207139,0.00939957,9.90884
0.6538,0.0473387,46.1108
0.37505,-0.105491,1.58397
-0.326332,0.00147051,18.751
0.296698,0.107164,37.5207
0.616366,0.0483821,43.9935
0.243933,0.0464212,23.7499
-0.495574,-0.0436747,36.5573
-0.590928,0.0469634,29.716
0.295129,-0.127192,8.87996
-0.474586,-0.0620106,38.241
0.708946,-0.0916619,35.7874
-0.31878,0.0409785,10.2615
-0.49722,-0.00847887,31.1713
0.472493,-0.136594,4.50246
0.664265,0.00152319,41.7868
0.948299,0.0310931,71.9472
-0.757174,0.170707,34.3141
-0.350946,0.0274482,15.142
0.266463,-0.0547513,3.88047
0.274457,0.1077,36.6719
0.824734,-0.0453063,52.8807
-0.602575,-0.0412086,42.3106
-0.294405,0.122215,7.9614
0.423085,-0.0364743,18.374
0.832103,-0.178562,45.7527
-0.232378,0.0417906,4.42638
-0.639217,-0.0357838,43.9191
0.593552,-0.0215517,33.4746
0.313742,-0.00277383,17.7234
-0.601437,-0.0687417,45.5803
-0.253824,0.140961,14.595
-0.93323,0.110361,66.6192
-0.979979,0.00509664,78.4669
-0.835504,0.116476,50.0658
0.435888,-0.139599,0.535986
0.581902,0.0189099,38.1472
0.789207,-0.0293706,50.0106
0.968758,0.117,76.6385
-0.462613,0.0360177,21.3194
-0.952779,0.0630183,71.4112
0.740397,-0.190401,29.8835
-0.755811,-0.102916,56.9292
-0.682169,0.0973125,32.1503
-0.869888,-0.131135,65.5835
0.757337,-0.0387,46.0172
-0.528511,-0.101151,46.1708
0.359232,-0.0816058,4.98568
-0.683389,-0.123611,55.0329
0.404982,0.105289,41.6818
-0.79322,-0.0527822,55.9847
-0.905395,0.128279,60.8982
0.274984,-0.0722648,0.778816
0.222863,0.0866113,30.5604
0.727656,-0.168065,30.2209
0.840074,-0.0302757,55.5281
-0.750525,0.0354874,45.6087
-0.366348,0.0760559,6.61585
0.974447,0.00348044,77.0234
0.242837,-0.12836,12.9288
-0.678305,0.106868,30.5995
-0.360912,-0.025102,25.9247
0.998671,-0.0154964,87.031
-0.531772,0.147636,8.65719
-0.966437,-0.0543572,75.6095
-0.242121,0.00719073,12.4783
0.694684,0.0453672,48.4887
0.801141,0.100116,59.4383
-0.92787,0.0534013,66.8888
0.650746,-0.104679,27.7762
-0.793452,0.125337,43.4086
0.692325,-0.114121,31.3985
-0.646022,0.149426,21.4906
-0.872008,-0.0661184,63.3118
-0.581366,0.128425,16.9291
0.820515,-0.126947,47.1998
0.58428,0.0944881,47.7726
-0.610177,-0.0668529,45.8177
0.540097,-0.181742,4.24464
0.631759,0.0941613,49.9129
0.306577,-0.00645267,16.5397
-0.938572,0.114412,67.6116
0.649179,-0.103631,27.7374
0.422957,-0.173478,6.58465
0.385624,0.119152,42.9951
-0.523078,0.128408,10.8488
0.919362,-0.017731,66.3685
-0.719153,-0.0439632,49.9897
0.985811,0.0962295,80.6838
0.609725,-0.0257845,34.1792
0.684851,-0.051767,37.6006
-0.937941,-0.144741,72.2816
0.884326,-0.0667697,59.6283
-0.313267,0.00663513,16.9132
-0.397003,-0.0145046,26.0532
-0.797352,-0.107184,59.6144
0.774954,0.0428047,53.9138
0.621996,-0.14672,18.9369
0.609296,-0.0428694,31.8515
-0.883769,-0.0300289,63.179
0.917731,-0.106066,63.7905
-0.356481,0.170494,12.0227
-0.897805,0.0730193,61.4397
-0.246963,0.038668,6.03147
0.944077,-0.160987,67.9317
-0.913336,0.0780175,63.7979
-0.229182,-0.127497,38.1514
-0.763501,0.0350849,46.9412
0.998559,0.101607,86.9521
0.539604,-0.0120323,30.8358
-0.537636,0.0077309,31.3494
-0.779106,-0.0488606,54.6533
0.336577,-0.107597,1.86927
-0.411015,0.14713,3.06979
-0.665248,0.0161894,39.8648
0.566552,0.0531915,41.7821
-0.570972,0.0729066,24.1746
0.456919,-0.0902282,11.2287
0.861137,0.0717485,62.5389
0.71736,-0.0303529,42.9052
-0.873665,0.145378,54.6542
0.419604,-0.135446,0.199582
-0.89929,0.103352,60.6531
0.431399,-0.0291377,20.3084
-0.374259,0.0978988,2.97974
0.522696,0.0754237,42.5186
0.962407,-0.017233,74.0299
-0.432409,0.0596485,14.7909
0.309425,0.110326,38.5785
-0.707546,0.189431,25.0255
-0.754749,-0.088337,55.8249
-0.267214,0.153039,15.9074
-0.856044,-0.131629,64.6056
-0.332872,0.0739352,4.55002
0.33496,-0.0533864,8.84841
-0.863762,0.185476,50.9961
0.502736,-0.00455535,29.4461
0.205242,-0.13777,17.3665
0.368046,-0.0647227,8.96821
-0.798165,0.0768203,47.612
-0.869903,0.0556124,58.0506
-0.470514,-0.0737849,39.8116
-0.392163,0.193084,12.7759
-0.771466,-0.0331692,52.9481
0.340953,0.0376376,27.1743
0.575875,-0.112198,18.7644
-0.264639,-0.056479,26.8079
-0.851442,0.0183336,57.4596
0.28427,0.000160079,16.5467
-0.872001,0.0261168,59.5889
0.637071,0.0648886,47.0474
-0.274143,0.0607894,3.12465
-0.913648,0.187644,60.6768
-0.410361,-0.0524901,33.468
-0.685906,-0.106051,53.6107
0.304843,-0.0666246,4.03084
0.607438,0.050821,43.7688
-0.741358,0.0820247,40.4417
0.823007,-0.0101055,54.7799
0.9728,0.0680288,77.1011
-0.645772,-0.0820964,49.3405
0.722922,-0.0262613,43.8136
-0.900524,-0.135888,68.2307
0.388813,-0.16992,9.10383
0.456936,0.0632249,37.5509
0.292406,-0.176766,18.3271
-0.869638,-0.00806411,60.7348
-0.512698,-0.066611,40.8098
0.646072,0.0144821,41.9286
0.928211,-0.026117,67.5595
-0.91604,-0.00983217,66.5878
-0.630046,0.0824662,28.4772
-0.800824,-0.046396,56.1743
-0.529459,0.0856168,18.4098
0.455099,-0.17477,3.69021
0.287394,0.131321,41.0986
-0.972968,-0.0174964,76.7593
0.23624,-0.0249412,8.30776
-0.930461,-0.0457577,69.4409
-0.246653,0.0594613,1.56202
0.312632,0.00395068,19.0115
0.465143,0.0993882,43.2901
0.316801,-0.146873,10.9674
-0.315619,-0.0550574,29.1142
-0.838707,-0.00907618,57.4629
-0.487313,0.0827963,15.1449
-0.958329,0.00200058,73.355
-0.570339,-0.122469,50.3938
0.531347,-0.141385,9.60824
0.357525,-0.198288,16.7245
0.624144,-0.177182,15.0692
0.553177,0.0281742,37.6142
-0.798402,-0.0285061,54.8362
-0.738636,0.170836,31.5407
-0.23672,0.0645362,0.179279
-0.905991,0.0511606,63.4065
0.969307,-0.0996318,74.8603
-0.227625,-0.0165193,16.6778
0.332855,-0.153817,10.9723
0.62084,-0.197216,11.9413
-0.661247,-0.029669,44.6748
0.572476,0.0660099,43.7468
-0.784906,0.0459877,48.3335
0.758993,-0.19803,32.0976
-0.854383,-0.10005,63.1712
-0.435266,0.0534823,16.1418
0.998063,-0.0260958,86.4091
0.578741,-0.0856445,23.0045
0.66192,-0.0539236,35.1697
0.849012,0.0863601,62.1483
0.891393,0.0123103,63.4504
0.511932,0.0502889,38.4274
-0.899457,0.180033,58.0332
0.550182,0.102921,47.3
0.964551,0.112186,75.7961
0.574897,-0.0462047,28.4704
-0.365163,0.184772,13.7692
0.30669,-0.141077,10.6654
0.941762,0.149874,72.8358
0.530212,-0.0671543,21.4542
0.675014,-0.120124,28.647
0.808776,-0.101601,47.2402
0.673054,0.0727705,49.8473
0.457025,0.037227,33.4202
0.201554,0.115872,34.9666
0.437084,-0.0051076,25.0117
0.582282,0.0341389,40.1903
-0.717157,0.140056,31.6802
-0.875501,0.0788522,57.8437
-0.929514,-0.130852,71.0348
0.954085,-0.145807,70.5191
0.310271,0.0344853,24.9166
-0.626388,-0.103552,50.6481
0.693909,0.112993,54.5896
0.924093,0.0647989,68.989
-0.570239,0.0613341,25.8373
-0.901871,0.00197859,64.324
-0.798398,-0.109146,59.7924
0.387043,-0.149942,5.70104
0.806393,-0.138761,44.2963
0.239382,-0.113578,10.2221
0.609864,0.0358805,42.0955
-0.273664,0.127948,10.6262
-0.888174,-0.0160978,63.1929
0.493819,-0.109169,11.2145
-0.377519,0.184435,12.6265
0.238102,0.00292672,14.3967
0.536015,0.107101,47.2283
0.463563,-0.0875396,12.275
0.410956,-0.110288,3.65038
-0.791519,0.0530548,48.5451
0.99144,-0.143618,82.1505
-0.446166,-0.110485,44.089
-0.256446,0.0575263,2.62443
0.420902,0.0676603,36.4983
-0.390124,-0.0842986,37.7646
0.768101,-0.0826622,43.5147
0.35567,-0.0425721,12.4597
-0.19892,0.136117,17.4698
-0.385803,0.171119,9.58212
-0.915926,0.165964,61.7782
0.430299,0.115546,44.1876
0.993355,0.145422,83.6267
-0.731502,0.00522473,46.5297
-0.998714,0.0443329,87.0702
0.75192,0.0182849,50.2423
-0.554929,0.000452992,33.6334
-0.960074,-0.139541,75.3027
0.914604,-0.116493,62.9313
0.578884,-0.119855,17.9358
0.49008,-0.182532,1.37943
0.338463,-0.0104834,17.7061
0.33404,-0.0231498,14.8907
-0.340767,-0.046287,28.7751
0.566041,-0.180063,7.51212
0.201931,0.114565,34.7503
-0.795877,0.171413,40.2567
-0.91029,0.181227,60.1753
-0.990262,-0.0779839,82.1809
-0.54233,-0.0324031,37.5608
0.978079,-0.0786654,77.4751
0.253861,-0.160158,18.2055
0.829732,0.0515685,58.8579
-0.681025,0.0856984,33.3663
0.204251,0.125066,36.6953
0.474059,-0.05827,18.2985
-0.716068,0.179973,27.2972
0.960003,0.0880343,74.7224
0.515723,0.0639404,40.5838
-0.564495,0.15256,11.4573
-0.480312,0.0170473,25.8516
-0.60064,0.0542455,29.5375
0.990819,0.10607,82.4691
-0.522616,0.196976,0.0878021
-0.940234,-0.0209124,70.4427
-0.968647,-0.0559954,76.0888
0.935642,-0.17351,65.7807
-0.875721,-0.0447062,62.8568
-0.551754,-0.0549815,41.2187
0.309174,-0.0788016,1.84377
0.94902,-0.084515,70.3016
-0.339424,0.174131,14.0994
0.750291,0.0339733,51.3783
-0.323872,-0.016098,22.0849
0.311531,-0.0956899,1.40492
0.453012,-0.016584,24.049
0.942954,0.106963,72.3053
0.269201,-0.0258753,10.1733
-0.489087,-0.0125866,31.3161
-0.767872,-0.129023,59.3259
-0.471544,0.060505,17.7071
-0.738223,-0.113276,56.7483
-0.520945,0.10974,13.6842
-0.709933,0.0632941,38.8632
0.43744,-0.00785102,24.5483
-0.66709,-0.124066,54.3849
-0.847404,-0.082175,61.8296
0.812145,-0.022222,52.898
-0.580078,0.145111,14.3186
-0.505046,-0.00481487,31.0934
0.380402,0.0804406,36.6951
0.37374,-0.0111069,19.821
0.319065,-0.138856,9.27806
-0.911682,-0.0225072,66.3316
-0.580849,0.101769,20.8233
0.837461,-0.184498,46.3185
-0.391114,-0.123155,43.7937
-0.885381,-0.0447205,63.8797
-0.820376,0.0588707,51.53
-0.710416,0.150015,29.72
0.834032,-0.0785626,52.0791
-0.343124,-0.123305,41.9921
0.342134,-0.0451967,10.9987
-0.88378,-0.102956,65.7278
0.877964,0.00909913,61.7325
0.848757,-0.0600021,55.0307
0.445387,-0.186046,6.53361
-0.236198,-0.0655273,27.1487
0.584574,-0.195358,7.53654
-0.356082,-0.016068,23.9431
-0.320483,0.0440389,9.75063
-0.321735,-0.101967,37.7049
-0.693806,0.103024,32.8201
0.238012,0.0217565,18.3645
-0.85238,0.0820335,54.3854
-0.980273,0.106158,77.9932
-0.537622,-0.0379787,38.0795
0.590771,-0.115809,19.7869
-0.640088,-0.0933882,50.2264
-0.352644,0.0692034,6.9468
-0.856416,0.0927426,54.418
0.957446,-0.0928519,72.0267
0.301052,-0.0400997,9.25711
0.836808,-0.156964,47.8626
0.229394,-0.165017,20.8367
-0.876837,0.0885644,57.6335
0.948154,0.00290627,71.4922
0.204809,-0.148113,19.3799
0.46942,-0.12106,6.89899
-0.903513,0.153561,59.7246
0.698775,-0.171032,25.8083
-0.75285,-0.0808391,55.1611
-0.362431,-0.0195742,24.9739
0.894584,-0.121597,59.2137
0.997683,0.0140948,86.0958
0.889353,-0.153756,57.0836
0.995891,-0.0667496,84.7185
-0.547571,0.11889,14.8449
0.408897,0.0977238,40.6935
-0.648059,0.00867661,39.3634
-0.787143,0.0384337,49.1342
0.23487,0.128792,38.6016
0.921551,0.0675138,68.7269
-0.626927,0.0612567,30.9725
0.605564,-0.180915,12.2044
-0.522064,0.0787335,18.8657
0.649626,0.0476082,45.8856
-0.250878,0.149534,16.4392
-0.493271,0.0644641,18.7869
-0.710326,0.196184,24.7029
-0.878471,-0.0703809,64.0914
-0.613664,0.112936,22.6411
-0.665832,0.177444,20.5229
0.829597,-0.0552455,52.8746
0.272519,-0.13374,11.839
0.954716,-0.0374809,72.1672
0.523427,0.0806036,43.2546
-0.885681,0.194458,54.7653
0.678276,0.0103012,43.7993
0.476224,-0.1493,2.69891
-0.627697,-0.0398069,43.6638
0.232363,-0.125881,13.1738
0.795041,0.127184,60.6406
0.471744,0.114153,45.5946
0.889731,-0.0546701,60.8697
-0.680174,-0.105171,53.261
0.482222,-0.165879,0.525235
0.96669,-0.117133,74.0069
-0.314816,0.132541,8.40584
0.747784,-0.0927226,40.205
0.688109,-0.157736,25.8709
0.588423,-0.11517,19.6322
-0.456225,-0.0287973,31.9929
0.511588,-0.0771582,18.2055
0.286894,-0.0404735,8.24266
-0.753401,0.0517191,44.4967
0.261317,0.0524145,25.8435
0.809721,-0.0265512,52.3631
-0.7026,-0.0162622,46.2267
0.455792,-0.149705,0.640255
-0.421999,-0.0893321,39.9668
0.643445,-0.133642,23.2242
-0.685706,0.138605,27.779
0.958638,0.136659,75.0385
-0.743727,-0.0248747,50.1356
0.850762,-0.0659266,54.9895
0.7935,0.000641931,52.5429
-0.717274,0.099278,35.9513
0.229034,-0.122076,12.6484
-0.860257,-0.0639671,62.1317
-0.325703,-0.0506327,28.8027
-0.678733,0.0725333,34.6426
0.488729,-0.0942418,13.3015
0.958056,0.0604115,74.0541
-0.540503,0.13341,11.8304
0.884966,-0.00569926,62.0189
0.214407,0.0662335,26.2033
0.693755,-0.149158,27.6021
-0.381376,0.176657,10.9417
-0.795651,0.168107,40.4743
-0.937716,0.163357,66.4528
0.330476,-0.177881,15.4982
-0.691273,0.0340359,40.1369
-0.707518,-0.0113738,46.1274
0.691729,-0.0530489,38.1249
0.658806,-0.187091,18.3707
-0.299308,0.00975945,15.4163
-0.900684,0.0292136,63.307
0.201421,-0.0904907,8.03179
0.449434,-0.197556,8.01847
-0.201574,0.170858,23.7931
-0.746019,0.161336,33.5401
0.963004,-0.145008,72.7525
-0.314772,0.148302,11.3947
-0.348044,0.0293678,14.5675
-0.342044,0.0451563,11.0005
0.836232,-0.0456953,54.2289
0.357243,0.0947055,38.0187
0.743176,-0.127391,36.3841
0.744128,-0.0435776,44.2568
0.924322,0.0656301,69.037
-0.522292,-0.0647938,41.0338
0.764172,0.0739009,55.371
-0.272511,0.163496,17.4477
0.280752,-0.159051,16.0143
0.495596,-0.00621037,28.6964
-0.466371,-0.117857,45.8875
-0.437578,0.161287,3.10086
-0.246201,-0.0278515,20.0854
0.753833,0.0741574,54.7265
0.290106,-0.0553371,5.35081
0.88473,0.0827566,65.1304
0.390488,0.123641,43.8412
-0.621079,0.0409155,33.1225
-0.829992,0.11988,49.047
0.903613,-0.0303341,63.691
-0.628961,-0.00859884,40.0192
-0.741459,0.163162,32.7033
-0.826006,-0.0846522,60.2955
0.379008,-0.0537024,11.9262
0.678213,-0.00398924,42.2638
-0.938803,-0.101769,71.6513
-0.835542,0.122388,49.722
-0.457927,0.0591225,16.8723
0.433489,-0.145579,0.742951
-0.846167,0.0228606,56.6231
0.40925,0.0212212,27.9811
-0.742524,0.141058,34.9892
-0.976423,-0.123807,78.3132
-0.2672,0.149121,15.1726
0.378011,0.00138295,22.4692
-0.228457,0.0617429,0.126208
-0.344574,0.056712,8.85749
0.2809,-0.044913,6.91541
-0.885897,0.138259,57.075
-0.322158,0.11923,5.26147
0.274786,-0.178874,20.0388
-0.539648,0.0298827,28.1043
0.932135,-0.194103,64.5393
0.919028,0.126523,69.789
0.875427,0.0394979,62.626
-0.372208,0.0139685,19.1719
-0.287668,-0.0287726,22.5568
0.73553,-0.0412527,43.6085
0.449108,-0.166776,2.93082
-0.920267,-0.0847678,68.9686
0.749722,-0.115672,38.3353
-0.61355,0.0829385,26.7735
0.818161,-0.127774,46.7977
-0.638179,0.00391487,39.1748
0.412648,0.0851532,38.9053
0.358591,0.12288,42.52
0.970428,-0.167486,74.5645
0.892266,0.0600602,65.1384
0.488748,0.0274596,33.6632
0.810071,0.0471429,56.9681
0.550835,-0.0975179,18.5169
-0.761794,-0.0577635,54.0394
0.833863,-0.100845,50.7512
-0.66954,-0.103085,52.5691
0.8771,-0.000413188,61.2594
0.71405,0.122024,56.2572
0.515217,-0.13927,8.28315
-0.435413,0.0423058,18.1963
0.884625,-0.181486,55.0931
0.458249,0.00679476,28.4281
-0.389019,-0.114414,42.4188
0.768216,-0.196786,33.7051
0.236417,0.100977,33.8327
0.868574,-0.199306,51.2258
-0.543567,0.162493,7.60391
-0.22916,0.0109067,10.9016
-0.907338,0.185905,59.4228
0.341712,-0.0258186,14.8569
0.282396,-0.0959026,3.57719
-0.511845,0.123071,10.6066
0.198462,-0.14531,19.2727
0.41089,-0.161687,5.66201
-0.643805,0.146005,21.6614
0.649855,-0.192043,16.5218
-0.703678,0.160024,27.7127
-0.903333,-0.087425,67.1419
0.535296,-0.194016,1.81733
-0.278402,-0.0596167,28.1061
-0.83791,0.0110463,56.315
0.555319,-0.0802119,21.6292
0.225143,0.0943789,32.1181
0.833537,0.115206,62.3487
-0.345284,-0.0659328,32.5609
-0.790785,-0.124665,60.26
-0.827799,-0.0673736,59.531
0.363432,-0.113444,0.878492
0.512504,-0.027602,26.4214
0.818104,-0.181666,43.1655
-0.635618,-0.00964176,40.6184
0.708034,0.0155368,46.5671
0.507797,0.0326774,35.579
-0.989168,-0.132939,81.9217
0.864446,-0.137781,53.4512
0.87382,-0.15304,54.3378
-0.461355,-0.0892643,41.6752
-0.834256,0.0942337,51.1951
-0.451633,0.0240979,22.6313
-0.741827,-0.0298585,50.4046
-0.350243,0.0123835,18.0744
-0.630416,-0.102006,50.6676
0.534824,-0.0237407,28.6908
0.627045,0.0116211,40.2529
0.695551,-0.17434,24.984
0.203226,-0.0589069,1.15086
-0.83134,0.0979017,50.5724
0.790634,-0.0555461,48.263
0.478512,0.0222942,32.2347
-0.939509,0.0783082,68.4935
-0.946822,-0.0118316,71.3956
0.872914,0.116235,65.2734
-0.902977,0.0298353,63.6148
0.960067,-0.107716,72.4548
-0.51968,-0.114467,47.4949
-0.213994,-0.0960586,31.9189
-0.526822,0.183264,2.50813
-0.466267,0.016406,24.9885
-0.728827,0.178037,29.3725
0.334828,-0.084424,2.5891
-0.602138,0.0485138,30.4633
0.599648,0.0970416,48.7531
0.505918,-0.0975783,14.2894
-0.875004,0.134725,55.3548
-0.785813,0.157551,39.7769
0.437259,-0.1292,2.5117
0.414933,-0.162873,5.49827
-0.317994,0.0049585,17.5422
0.81811,-0.169219,44.0119
-0.390275,-0.0626034,34.1735
0.96341,-0.0403642,74.0015
-0.437813,0.0653442,14.166
0.401829,0.00490955,24.5913
-0.753088,0.0526335,44.3843
0.900762,0.0329092,65.2517
-0.865355,0.154504,52.7979
0.540365,-0.117134,14.3962
-0.700729,0.167786,26.4438
0.451626,-0.0924168,10.3844
0.349084,-0.106926,0.761626
-0.194741,0.111055,12.7431
0.212282,0.129895,37.8584
0.576195,-0.0802353,23.5655
-0.616559,0.131463,20.3978
0.971614,-0.03418,76.0178
0.954204,-0.00237899,72.5391
0.437472,-0.0243996,21.5903
0.858291,0.0548837,61.56
0.238585,0.00814076,15.5315
0.273331,0.019234,19.8297
0.779878,-0.133092,40.8852
-0.490304,0.0591557,19.449
-0.447775,0.170622,3.71343
-0.47787,0.0844134,14.0508
0.581647,0.0876922,46.8536
-0.22426,0.0920967,6.84429
0.791263,0.123775,60.234
0.502343,-0.125498,9.2738
-0.755455,0.0798542,42.2657
0.812153,-0.0102691,53.6516
0.708697,-0.177819,26.462
0.530237,0.0803463,43.5375
0.318631,-0.037244,11.0158
0.498538,-0.0344905,24.2493
0.761529,0.103742,57.3053
0.283058,-0.129439,10.2226
0.715558,-0.17094,28.1866
-0.34622,0.167749,12.3991
-0.992844,0.0280467,83.0718
0.371823,-0.140225,5.23133
0.698374,0.0583689,49.9508
-0.799157,-0.130346,61.0465
0.273791,-0.118896,8.83197
-0.554564,0.00462891,32.9986
0.609574,0.0698215,46.1305
-0.295724,-0.103338,36.8309
-0.282589,0.0217544,11.8856
0.950075,-0.140098,69.6614
0.807236,-0.0787561,48.6061
0.741553,0.112266,56.8429
-0.468164,0.0634364,16.9212
-0.555453,0.108391,17.2758
-0.424587,-0.07797,38.3156
-0.726615,0.0858396,38.3905
-0.24461,-0.0761558,29.6093
0.341617,0.0112592,22.1727
-0.914683,0.156077,61.8129
0.354451,-0.0825727,4.43229
0.620455,0.0295222,41.9862
-0.475672,0.0706747,16.2631
-0.375979,0.188363,13.4341
-0.809639,0.0689614,49.567
0.803999,0.0581987,57.15
-0.92502,0.147034,64.1279
0.544007,0.0799013,44.1251
-0.97789,-0.166855,78.9098
-0.239392,-0.116299,36.6671
0.613789,0.0721668,46.6192
0.361992,-0.00679316,19.9081
-0.580382,0.0932757,22.0341
0.647687,-0.118133,25.7189
-0.296884,0.0670287,3.38969
0.874127,-0.175678,53.3727
-0.302742,-0.106123,37.5996
-0.431449,-0.0574086,35.355
0.727295,0.129169,57.4075
0.508258,-0.184615,0.242124
-0.655392,0.0689264,32.7244
0.238139,0.00868163,15.6202
-0.740326,-0.0933951,55.3686
0.764357,0.00153456,49.9567
-0.521513,0.132918,9.95817
0.897453,-0.07411,61.3477
0.961446,-0.145625,72.3436
-0.471054,-0.045838,35.5623
0.446791,-0.182844,5.86261
0.860619,-0.107487,54.3138
0.793327,0.0339743,54.7672
-0.670623,-0.119221,54.0982
0.442249,0.115595,44.6548
0.51962,0.0174658,33.9832
-0.602825,-0.0418977,42.4108
0.980683,0.133592,79.3991
0.232203,-0.0706911,1.79179
0.784901,0.0266863,53.5754
-0.496963,0.0638958,19.188
-0.548882,0.174403,6.37033
0.782166,-0.0665877,46.4607
-0.601987,0.00264716,36.6557
-0.972698,0.0702096,76.0119
0.506552,-0.129664,8.99346
0.703589,-0.0455737,40.069
0.82302,0.0906559,60.3918
-0.474683,0.189922,4.19104
-0.70518,0.160642,27.8501
-0.307636,0.0821316,1.0539
0.903936,-0.0793531,62.207
0.99546,-0.159819,84.3332
0.902287,-0.159908,59.2783
0.814821,-0.0108041,53.8909
-0.376671,-0.00286079,22.6663
-0.546793,-0.0119036,34.8865
-0.219598,0.120114,12.9052
0.85309,-0.0618509,55.5046
0.847384,0.0347408,59.6074
0.209656,-0.0654834,2.15821
0.817868,0.00170647,54.9581
0.284111,-0.135808,11.3778
0.404915,-0.153813,4.81193
0.558772,-0.164087,9.06643
0.409407,0.00225178,24.5747
-0.640629,0.0745052,30.5669
-0.892325,0.0357405,61.9135
0.998078,-0.0831565,86.395
0.334315,-0.136362,7.59504
0.363272,-0.0667683,8.21282
-0.48049,-0.0671147,39.2985
0.809705,-0.143506,44.4586
-0.31826,-0.0337659,25.211
0.323297,-0.0235787,14.1079
0.487954,-0.0185655,26.1322
-0.223146,-0.0468086,22.7387
-0.991944,0.0426326,82.6141
-0.399322,-0.0355533,29.9598
0.896741,-0.0171052,63.1528
0.465664,0.090024,41.9736
0.555132,-0.169211,7.87427
0.682367,-0.0098834,41.9628
0.750002,-0.132943,36.7734
0.321794,-0.0861888,1.26735
0.581418,0.0197075,38.2228
-0.802004,0.160351,42.0578
-0.389843,-0.0378738,29.8542
-0.429344,0.0963653,7.77753
0.655153,0.120352,53.5459
-0.737144,0.0639057,41.6681
-0.27696,0.163735,17.1587
0.696158,-0.187755,23.5498
-0.419221,0.0190818,21.3089
0.995311,0.152682,84.6196
-0.204794,-0.0788508,28.2111
0.984812,-0.167762,79.275
-0.282731,-0.0360976,23.7454
0.688886,0.0164318,45.2234
0.406486,0.0745095,36.9249
-0.61678,-0.0129866,39.7095
-0.838778,0.0266271,55.5748
0.416493,-0.047394,15.8672
-0.715513,-0.00397142,46.0508
-0.608641,-0.0548827,44.3239
0.85981,-0.0715407,55.9372
0.372932,-0.0988407,2.69253
-0.633718,-0.0463715,44.7871
0.490021,-0.0376511,23.0785
-0.803934,-0.0312691,55.4852
-0.311439,-0.0663947,31.0037
0.659091,-0.0614533,33.9957
-0.37456,-0.0774108,35.9235
0.509887,-0.0677044,19.6298
-0.202741,-0.00675524,13.1629
0.975632,-0.00640256,77.2606
-0.797796,-0.072282,57.5495
-0.930073,0.031378,67.7503
0.369732,-0.150818,7.35418
0.465979,-0.168954,1.63073
-0.597724,-0.0152428,38.7048
-0.27486,-0.0677114,29.4699
-0.563283,0.137054,13.6786
-0.270053,0.0886675,2.97191
-0.212738,-0.0459199,22.009
0.38815,-0.00909276,21.1274
0.334006,0.103183,38.4233
0.628303,-0.0312363,34.9889
-0.946822,0.137881,68.9563
-0.812495,0.114177,46.893
0.849406,0.139547,64.486
-0.992892,-0.186058,83.4919
-0.348938,-0.0870932,36.3901
0.264948,0.131489,40.2498
-0.845334,0.0824303,53.3886
-0.841738,0.189244,46.7936
-0.242693,0.0451135,4.37334
-0.718788,0.0842428,37.6669
0.685932,0.123906,55.1674
-0.379,-0.0893302,38.0873
0.671736,-0.0501178,36.5407
-0.851209,0.155673,50.3291
-0.917344,0.169208,61.9758
-0.87183,-0.0268247,61.7442
0.296362,-0.0286407,11.3283
0.822668,0.117559,61.7549
0.27107,-0.0244167,10.5995
0.219593,-0.0611134,0.570136
0.556089,-0.114021,16.467
-0.44753,0.17011,3.65068
0.234963,-0.171377,21.5968
-0.448968,0.00502359,25.8
0.5507,-0.126376,13.9941
-0.565622,-0.0900477,46.4022
-0.576923,0.125367,16.9063
0.426138,0.0609124,35.6596
-0.768365,0.154015,37.4676
0.740508,-0.0725822,41.2257
0.935087,0.0528778,70.2438
0.702666,-0.0355237,41.0244
-0.525536,0.196622,0.298904
0.434194,-0.13525,1.15355
0.389671,0.0135081,25.436
0.36489,-0.00604796,20.2341
-0.560322,0.100685,18.9475
-0.866453,0.198753,50.8467
-0.576369,0.082673,23.2196
0.235171,-0.0962428,6.96472
-0.559771,0.0406332,28.0504
0.650932,-0.183067,17.8091
-0.74082,0.00106365,47.6965
-0.247603,0.0184575,10.4033
0.255596,-0.0301648,8.40103
-0.65805,0.195383,17.2319
0.341389,0.0699465,33.0838
0.413564,-0.139775,1.52004
0.875029,-0.059224,58.6024
-0.998837,-0.0825698,87.252
-0.343851,-0.0605222,31.5256
-0.877865,0.00913697,61.0088
-0.691249,0.14778,27.4317
-0.499639,0.116148,10.5816
0.510644,0.0268505,34.8622
0.710095,-0.0501361,40.2322
-0.96141,-0.0964659,75.0659
-0.618347,-0.125805,52.5936
-0.747737,-0.084458,55.1219
-0.630231,0.127102,22.5503
-0.830571,0.0687903,52.2
0.792336,-0.191916,38.0875
0.817441,0.003329,55.0132
-0.52957,0.0111596,30.257
0.549641,-0.0475939,26.1669
-0.711007,0.179572,26.6047
0.608657,0.12719,52.3612
-0.540536,0.0368517,27.0944
-0.440457,-0.115833,44.6193
-0.396558,0.148993,4.69364
0.838804,0.0498941,59.5594
0.939983,-0.127873,67.6447
-0.367089,0.171038,11.2095
-0.869802,0.0238222,59.4104
-0.854172,0.0101556,58.1682
0.35835,-0.0646954,8.26045
0.754594,-0.0388584,45.7263
-0.433289,-0.0671321,37.0105
0.946456,-0.105688,69.4165
-0.966521,0.14648,73.6682
0.210754,0.123234,36.6541
-0.509563,0.179537,1.18966
-0.515165,-0.1188,47.8622
-0.497208,-0.0503833,37.6557
0.815953,-0.176566,43.1536
0.877522,-0.122144,56.319
0.745902,-0.173848,32.3264
0.513311,0.0647018,40.5704
0.997448,-0.0286766,85.8747
0.20441,0.0887057,30.0903
0.736186,0.0502004,51.6854
0.721989,0.109921,55.6808
-0.60105,0.0886299,24.7443
-0.939149,0.163101,66.7771
0.592803,0.0107981,37.7894
0.549615,-0.0245829,29.6713
0.37178,-0.169571,10.5436
-0.277999,-0.0284936,21.9683
-0.759929,0.0171351,48.0593
0.493648,0.0579302,38.5933
0.687271,-0.0814024,34.5251
0.441445,-0.0359229,19.794
0.727219,-0.00862284,45.851
0.695806,-0.0889709,34.6077
-0.664189,0.017166,39.6663
0.895741,0.0289607,64.526
-0.408213,0.000958677,23.914
0.266885,0.104039,35.7133
0.899717,-0.0701752,61.8332
-0.482373,-0.00510694,29.6763
-0.439349,0.154712,1.79388
0.545852,-0.0813483,20.5846
-0.463299,0.197914,6.66203
0.805022,-0.0919031,47.4143
-0.653191,-0.103211,51.8225
0.193083,-0.144499,19.4761
-0.538214,0.0331585,27.4868
-0.936793,0.00710155,69.3625
0.712792,-0.00542636,44.9279
0.824701,-0.159715,45.7163
0.269492,0.0822974,31.9327
-0.723135,-0.117263,56.3096
-0.396227,-0.0723625,36.093
0.594589,-0.164273,13.2117
0.978275,-0.0728762,77.5695
0.365293,-0.12257,2.46776
0.799576,-0.183648,39.9264
-0.67704,-0.0783453,50.6054
0.459269,-0.0550298,17.7062
-0.928134,-0.061686,69.4525
0.543607,0.0451168,39.4233
0.871026,-0.079675,57.1536
-0.264482,0.00657457,13.9547
0.761992,-0.0133107,48.5624
0.914655,-0.184269,60.9871
-0.332306,-0.083663,35.0579
-0.853639,-0.128788,64.3224
-0.748474,-0.126059,58.1726
-0.759042,0.190988,32.7489
0.869107,0.0293726,61.557
-0.729126,0.0524102,41.9164
0.912166,-0.0350537,64.8177
-0.805571,-0.079503,58.5344
-0.259926,0.102988,6.62693
-0.662389,0.0207808,39.1021
0.463298,0.0568104,36.8728
0.350184,0.0702218,33.5512
0.344438,-0.0144244,17.302
0.718457,0.0439207,49.9385
-0.444883,0.0898536,10.2751
-0.709984,-0.0834404,52.8717
-0.257147,-0.114902,37.1749
0.833465,-0.0730357,52.3254
0.508586,-0.130899,8.99067
0.805545,-0.122892,45.3024
0.552151,0.0937867,46.2604
-0.455729,0.156098,0.464608
0.26553,0.00935569,17.3477
-0.27214,-0.103257,35.8041
-0.452493,-0.0576539,36.4566
0.269184,-0.11593,8.5762
0.276083,-0.112283,7.34599
0.73561,-0.114621,36.6395
-0.384219,0.114308,0.656464
0.383196,0.0305295,28.1722
0.289094,-0.0176034,13.1602
-0.726361,0.100199,36.9314
0.782998,-0.000450746,51.489
0.54151,-0.0693929,22.0792
0.200109,-0.169433,23.6352
0.914039,0.0695161,67.8583
0.430479,0.0330428,31.2474
-0.339982,0.0957401,0.727793
0.36595,0.0944317,38.3486
0.288288,-0.102766,4.54197
-0.91457,-0.0442421,67.2783
-0.212465,-0.112095,34.7708
-0.76277,0.0663957,44.2614
-0.77455,0.0830636,44.2564
0.56023,0.123531,50.1306
-0.971088,-0.0177208,76.3122
0.589149,-0.0842188,24.2137
-0.482004,-0.110464,45.4995
0.239789,-0.15754,18.7299
0.363176,-0.00852932,19.6464
-0.899827,-0.12617,67.8947
-0.207156,-0.122362,36.3499
-0.716391,0.0361595,42.2441
0.78867,-0.0725541,46.7728
0.650709,-0.187233,17.2494
-0.371558,0.0805959,6.12466
-0.680143,0.0102177,41.7454
0.914583,-0.117256,62.9058
0.539552,-0.112969,14.9775
-0.952302,-0.159207,74.3617
0.250811,0.0295897,20.6965
0.383011,0.0833049,37.2841
0.945144,-0.114599,68.9849
0.806113,-0.149466,43.4874
-0.46482,-0.00796661,29.0383
-0.531695,0.0822256,19.1597
-0.4779,0.0693133,16.6844
0.550323,0.0955556,46.3997
-0.514894,0.0226138,27.4003
-0.412718,-0.0688195,36.294
0.467397,-0.186036,4.31277
0.722641,-0.127785,33.6717
0.433739,0.0352004,31.7942
0.455165,0.0216147,30.7376
-0.805627,-0.02345,55.143
-0.813339,0.00589548,54.0437
0.654264,-0.0707648,32.3866
0.426337,-0.039267,18.0926
-0.315888,0.187727,18.3951
0.880739,0.0938819,65.1429
0.586332,-0.0728368,25.5981
0.987215,0.0874127,81.1082
-0.307185,0.0573688,6.10109
0.589846,-0.133424,17.1227
0.636553,-0.0127079,37.9782
0.963938,-0.168755,72.7354
-0.528659,0.129117,11.2984
0.820365,0.0680647,58.9832
-0.755456,0.135953,37.2399
0.774985,-0.125382,40.8391
-0.211649,-0.028377,18.2921
-0.75644,0.180806,33.275
-0.660333,0.0422969,36.4059
0.711066,0.111934,55.3092
-0.753182,0.116281,38.7262
-0.367942,0.0478518,12.2769
0.272197,-0.0854795,2.16222
-0.6637,-0.12536,54.3613
0.593574,-0.0701294,26.6589
0.52988,-0.0429944,25.2887
0.646981,-0.0179841,38.1673
-0.427887,0.0966626,7.60023
-0.728877,0.170994,30.0982
-0.498241,-0.0247057,33.7932
0.933713,0.139592,71.6875
-0.497704,0.175743,0.524419
0.338001,-0.0183422,16.1104
0.709643,0.110373,55.1135
0.414905,-0.0620176,13.0078
0.288034,-0.0858824,1.12286
0.482073,0.106992,45.0346
-0.32024,0.0806238,2.27668
0.755055,0.0715162,54.6079
0.417191,-0.0680527,12.0521
-0.556733,-0.0425825,39.8161
-0.254778,-0.0730458,29.5071
0.399722,-0.196691,12.6829
0.649072,-0.0433021,35.2736
0.959919,-0.199886,71.2819
0.995109,0.144021,84.4982
0.577965,0.099705,48.1015
-0.43264,0.104061,6.64771
-0.371381,0.0951435,3.2838
-0.26076,0.0128858,12.3967
0.485666,-0.073907,16.5357
-0.636173,-0.11858,52.5877
0.518473,-0.17406,3.02858
-0.687276,-0.0244989,45.9265
0.503064,0.0723055,41.1455
-0.694622,-0.0701425,50.817
0.482185,-0.00991816,27.1765
0.919866,0.0904651,69.0533
0.977751,-0.0953544,77.2714
-0.818162,-0.0938905,60.2215
0.607885,-0.12069,20.9306
-0.760304,-0.0931184,56.4949
-0.415319,0.16544,5.91042
0.723336,-0.0184902,44.5891
0.953751,0.115216,74.0085
0.520664,-0.0471197,23.893
0.975589,-0.172375,76.0842
-0.477707,-0.12101,46.7339
0.9212,0.0308308,67.8216
0.955951,0.000689709,72.9179
0.738846,-0.131169,35.4485
0.374018,-0.198181,15.2628
-0.332493,0.0296449,13.4808
0.690946,-0.00305779,43.3777
0.664468,0.00785098,42.5068
0.889292,-0.145498,57.3918
-0.72027,0.131201,33.013
-0.896515,0.0359621,62.495
-0.479007,0.168626,0.258155
-0.530521,-0.0118672,33.8286
-0.32788,0.0981728,0.675576
0.351472,-0.195583,16.7896
-0.513495,-0.00557512,31.7634
0.921538,0.0117206,67.413
-0.573998,0.162475,11.0536
0.228061,0.0717638,27.964
0.293934,0.120852,39.6745
-0.935711,-0.0713798,70.6809
-0.782168,0.11723,42.4819
-0.977187,-0.0163021,77.8207
-0.377597,-0.115421,42.1236
-0.261168,-0.061918,27.6884
0.380942,0.00858184,24.0008
0.997431,0.131505,85.9669
0.285865,-0.00435981,15.7087
0.539414,0.0494067,39.7881
-0.398238,0.0325018,17.3686
-0.794817,0.121991,43.8531
-0.321593,0.0051586,17.7226
-0.384525,0.112544,1.01508
-0.272665,0.0963298,4.3615
-0.285377,-0.0632026,29.1341
0.834221,0.0740511,60.3847
0.997857,0.102749,86.2935
-0.268703,0.108648,7.14883
-0.338597,0.190644,17.0381
0.416901,-0.0347719,18.2498
-0.426031,0.157986,3.61488
-0.715937,-0.0591459,51.1167
0.463824,0.0688228,38.7464
0.708265,0.0893813,53.2868
-0.629718,0.172771,16.3729
0.549611,-0.173475,6.59505
0.90689,0.106741,68.0417
-0.575051,-0.0892747,46.7383
0.691934,-0.0720262,36.0635
0.320578,-0.161729,13.4105
-0.996273,-0.0105987,85.0484
0.808707,-0.173417,42.1796
-0.333342,-0.0925175,36.6173
0.812797,-0.154777,44.1492
0.348048,0.0784195,34.8729
0.723471,-0.155475,30.925
0.609943,-0.0324421,33.3087
-0.946914,-0.0951837,72.6916
0.933666,-0.149253,65.8698
-0.302298,0.12265,7.45121
0.522536,0.0746696,42.4081
0.802632,-0.0524158,49.8557
0.472938,-0.00227635,27.8389
-0.875365,-0.129161,65.93
-0.990557,-0.128651,82.4221
0.791885,-0.182868,38.724
0.63739,-0.177621,16.7205
-0.862418,0.184141,50.8154
0.324552,-0.182519,16.7932
-0.565771,0.19409,5.40872
0.585563,0.00288133,36.2281
-0.386985,0.104626,2.71843
-0.723855,0.192302,27.1581
-0.60686,0.00439078,36.7821
0.885583,0.0601696,64.4395
0.893318,-0.175615,56.9939
0.421463,-0.147464,2.18238
-0.199357,0.0779062,5.49639
0.957167,0.0835205,74.1737
-0.493976,-0.0337851,34.9531
-0.812559,-0.102664,60.3191
0.452539,0.1209,45.7776
-0.283601,0.0590207,4.1386
0.834232,-0.0242759,55.1871
0.784273,0.0482363,55.0014
0.984295,-0.106245,79.3516
-0.310132,-0.102942,37.3766
-0.888958,-0.0404741,64.1257
-0.441816,0.0876449,10.4188
0.923096,-0.0056509,67.2282
-0.414877,0.199076,11.6538
0.913464,-0.0393722,64.8965
0.666186,-0.0118785,40.4302
-0.547054,-0.115004,48.6302
-0.382134,-0.105496,40.7831
0.966311,-0.0910644,74.1694
-0.389943,-0.0354963,29.4366
-0.290013,-0.120309,39.4287
0.309436,-0.0481638,8.15324
0.350706,-0.1121,1.63782
0.905851,0.0304793,65.8054
0.725729,0.0675146,52.4447
-0.562141,-0.0878356,45.9723
-0.480244,0.0935035,12.6762
-0.453451,0.0433048,19.3514
0.229192,-0.0350652,5.67871
0.910662,-0.160911,60.8743
-0.415643,-0.081539,38.4704
0.912376,0.147922,69.6286
0.870539,-0.138242,54.4458
-0.734442,-0.0144037,48.5157
-0.58447,0.123164,18.0397
0.781416,0.114508,59.125
0.961198,0.155816,75.6591
0.955846,0.150657,74.7686
-0.391981,0.158662,6.83193
-0.898291,-0.0383199,65.1237
-0.746416,0.100074,39.3622
0.294884,-0.0887051,1.20854
-0.781783,-0.131497,60.188
-0.273026,-0.0571161,27.3554
-0.408839,0.0324945,18.1081
-0.467324,0.112089,8.27401
0.725523,-0.172205,29.4872
0.663202,0.0811437,50.1427
-0.820588,-0.12842,62.1754
0.486025,0.0658731,39.3859
-0.807052,0.19622,40.2541
-0.323454,-0.110334,39.1564
0.977015,-0.105417,76.9843
-0.803285,-0.136925,61.635
0.429118,-0.106626,5.87639
0.937487,-0.0893987,67.8862
0.223981,0.034706,20.2907
0.482176,0.0278969,33.3481
-0.415413,0.182662,8.86099
0.766813,-0.0285742,47.7999
0.489296,-0.0302112,24.2779
-0.395962,0.0667971,10.6577
-0.787931,-0.0269066,53.8439
0.398674,-0.00383463,22.7818
0.866503,-0.168932,52.3035
-0.716996,-0.030503,48.629
-0.42619,-0.0692184,37.0024
-0.968292,-0.0303308,75.7845
-0.521181,0.14537,7.9076
0.265137,0.117002,37.8644
-0.59476,0.119574,19.6667
-0.219767,0.113972,11.6553
-0.432324,0.0714677,12.6074
0.400037,0.024049,27.9548
0.610783,-0.142976,18.1348
-0.839431,0.141066,49.2252
-0.23394,0.0649687,0.455756
-0.519701,-0.0994091,45.5764
0.792921,0.0299961,54.4702
0.304888,-0.0969292,2.14597
0.8645,0.140863,65.5558
-0.762217,0.1131,40.1816
0.47713,-0.195171,4.77969
-0.284927,0.136993,11.5447
0.355454,0.0964676,38.2304
0.278967,0.0349486,23.3139
0.848499,-0.154303,49.9501
-0.387132,-0.0622558,33.9603
-0.423079,0.106945,5.30017
0.488575,-0.0258846,24.952
-0.880908,-0.0725068,64.4042
0.452992,0.0479606,34.9381
-0.616686,0.00366741,37.5992
-0.380629,-0.126535,43.8959
-0.353446,-0.0156293,23.7062
0.302137,0.0264215,22.8902
-0.859092,0.184995,50.1632
-0.868309,0.0720813,57.1007
0.842845,-0.0905946,52.5984
0.803777,-0.163704,42.0902
0.674556,0.0229639,44.8701
-0.650138,0.168137,19.6076
0.721882,-0.0175957,44.5444
-0.303445,0.0857315,0.0170891
0.551799,-0.109195,16.7872
-0.241752,-0.0281224,19.8962
0.241862,0.084041,30.9672
-0.377093,0.140787,4.88785
0.621677,0.104735,50.5639
0.97996,-0.0721247,78.0859
0.749907,-0.170833,33.2116
0.501402,0.0432797,36.8176
-0.850721,0.153582,50.3603
0.566628,-0.0560449,26.3132
-0.232003,0.12568,13.159
-0.758626,0.144133,36.9403
0.493776,-0.0674188,18.326
0.502323,0.0966997,44.4828
0.607296,-0.097624,24.1064
-0.482586,0.0871256,13.9874
-0.839567,0.0712406,53.2262
0.879368,0.0312921,62.7372
0.388923,-0.0402106,15.2454
0.480667,-0.162388,0.946345
-0.73202,0.150636,32.6027
-0.915442,-0.0392379,67.262
-0.835214,0.180999,46.139
0.464826,0.0953862,42.708
0.777366,0.0887724,57.2339
0.633833,0.0597317,46.2982
0.872635,-0.160288,53.8012
-0.762855,0.0263527,47.5891
0.592918,-0.159277,13.7304
-0.374808,0.0283568,16.5606
-0.308737,0.101615,2.8014
0.401649,-0.0669707,11.0582
-0.463498,0.0188801,24.3703
-0.631522,0.0199044,36.6869
0.789415,0.11853,59.8201
-0.318515,-0.0927486,36.0065
0.566805,0.0183015,37.0894
0.480844,-0.137481,5.15788
0.551882,0.0752895,43.904
-0.204923,-0.102004,32.6054
-0.902539,-0.13636,68.4246
-0.45422,0.0705555,14.53
0.797236,-0.198667,38.3891
-0.626841,0.184276,14.4646
-0.535998,-0.0641687,41.64
-0.762756,-0.110146,57.8108
-0.306428,0.127695,8.11857
-0.907266,-0.0736699,67.1865
0.67793,0.116181,54.1449
0.572014,-0.0356492,29.7751
-0.514715,0.0198736,27.8262
-0.930602,-0.122804,71.0037
0.565092,-0.183799,6.84554
0.969632,-0.00942838,75.7404
0.832485,-0.00962012,55.808
0.299721,0.104713,37.2342
-0.985863,-0.157252,80.9274
-0.334035,-0.00985478,21.4523
-0.205887,0.175749,24.3752
-0.609171,0.146195,17.4967
-0.288627,-0.0585557,28.4155
-0.561333,-0.110235,48.6356
-0.317128,-0.126123,41.4281
-0.445464,0.0957272,9.26115
0.970247,0.140394,77.1237
-0.697892,-0.111963,54.6873
-0.222772,0.146203,17.7905
-0.677289,0.197532,19.6927
0.438492,-0.111251,5.84911
-0.797425,0.15505,41.7437
-0.354297,0.0510309,10.6822
0.376195,-0.104312,1.90243
-0.460792,-0.0132242,29.6709
0.20105,-0.102819,10.6304
-0.76588,0.0209949,48.3146
0.200921,-0.0991555,9.87878
